full_name,tag_name,tag_anterior,published_at,status_compare,total_commits,commits_coletados,truncado,lead_time_horas,html_url
2dust/v2rayN,7.15.4,7.14.12,2025-10-17T13:01:36Z,ok,58,58,0,585.36,https://github.com/2dust/v2rayN/releases/tag/7.15.4
2dust/v2rayN,7.15.6,7.15.4,2025-10-24T06:40:07Z,ok,21,21,0,123.58,https://github.com/2dust/v2rayN/releases/tag/7.15.6
2dust/v2rayN,7.15.7,7.15.6,2025-10-31T11:32:10Z,ok,15,15,0,167.89,https://github.com/2dust/v2rayN/releases/tag/7.15.7
2dust/v2rayN,7.16.4,7.15.7,2025-11-23T06:34:37Z,ok,62,62,0,546.15,https://github.com/2dust/v2rayN/releases/tag/7.16.4
2dust/v2rayN,7.16.5,7.16.4,2025-11-29T12:06:39Z,ok,11,11,0,121.09,https://github.com/2dust/v2rayN/releases/tag/7.16.5
2dust/v2rayN,7.16.6,7.16.5,2025-12-07T07:34:45Z,ok,7,7,0,69.18,https://github.com/2dust/v2rayN/releases/tag/7.16.6
2dust/v2rayN,7.16.8,7.16.6,2025-12-22T11:09:41Z,ok,14,14,0,335.24,https://github.com/2dust/v2rayN/releases/tag/7.16.8
2dust/v2rayN,7.16.9,7.16.8,2025-12-25T10:36:25Z,ok,4,4,0,28.97,https://github.com/2dust/v2rayN/releases/tag/7.16.9
2dust/v2rayN,7.17.0,7.16.9,2026-01-09T10:46:20Z,ok,9,9,0,292.61,https://github.com/2dust/v2rayN/releases/tag/7.17.0
2dust/v2rayN,7.17.1,7.17.0,2026-01-18T11:41:33Z,ok,11,11,0,196.44,https://github.com/2dust/v2rayN/releases/tag/7.17.1
2dust/v2rayN,7.17.3,7.17.1,2026-02-01T07:50:43Z,ok,8,8,0,53.26,https://github.com/2dust/v2rayN/releases/tag/7.17.3
2dust/v2rayN,7.18.0,7.17.3,2026-02-04T07:22:10Z,ok,8,8,0,5.11,https://github.com/2dust/v2rayN/releases/tag/7.18.0
2dust/v2rayN,7.19.5,7.18.0,2026-03-20T10:01:12Z,ok,69,69,0,1033.14,https://github.com/2dust/v2rayN/releases/tag/7.19.5
2dust/v2rayN,7.20.2,7.19.5,2026-04-04T13:48:56Z,ok,27,27,0,340.91,https://github.com/2dust/v2rayN/releases/tag/7.20.2
2dust/v2rayN,7.20.3,7.20.2,2026-04-12T02:04:23Z,ok,11,11,0,160.77,https://github.com/2dust/v2rayN/releases/tag/7.20.3
2dust/v2rayN,7.20.4,7.20.3,2026-04-16T05:42:06Z,ok,8,8,0,74.72,https://github.com/2dust/v2rayN/releases/tag/7.20.4
2dust/v2rayN,7.21.3,7.20.4,2026-05-10T10:00:06Z,ok,47,47,0,574.71,https://github.com/2dust/v2rayN/releases/tag/7.21.3
2dust/v2rayN,7.22.2,7.21.3,2026-05-18T09:37:56Z,ok,21,21,0,175.68,https://github.com/2dust/v2rayN/releases/tag/7.22.2
2dust/v2rayN,7.22.3,7.22.2,2026-05-21T09:27:36Z,ok,8,8,0,32.44,https://github.com/2dust/v2rayN/releases/tag/7.22.3
2dust/v2rayN,7.22.4,7.22.3,2026-05-29T03:11:13Z,ok,13,13,0,169.06,https://github.com/2dust/v2rayN/releases/tag/7.22.4
2dust/v2rayN,7.22.5,7.22.4,2026-06-02T11:19:24Z,ok,8,8,0,70.48,https://github.com/2dust/v2rayN/releases/tag/7.22.5
2dust/v2rayN,7.22.6,7.22.5,2026-06-07T03:25:42Z,ok,17,17,0,98.38,https://github.com/2dust/v2rayN/releases/tag/7.22.6
2dust/v2rayN,7.22.7,7.22.6,2026-06-12T11:17:09Z,ok,10,10,0,124.46,https://github.com/2dust/v2rayN/releases/tag/7.22.7
2dust/v2rayN,7.23.3,7.22.7,2026-07-09T12:12:22Z,ok,43,43,0,607.84,https://github.com/2dust/v2rayN/releases/tag/7.23.3
2dust/v2rayN,7.23.4,7.23.3,2026-07-11T09:45:12Z,ok,9,9,0,44.9,https://github.com/2dust/v2rayN/releases/tag/7.23.4
2dust/v2rayN,7.24.4,7.23.4,2026-07-30T12:45:22Z,ok,49,49,0,419.06,https://github.com/2dust/v2rayN/releases/tag/7.24.4
2dust/v2rayN,7.24.8,7.24.4,2026-08-22T09:33:13Z,ok,51,51,0,511.41,https://github.com/2dust/v2rayN/releases/tag/7.24.8
2dust/v2rayN,7.24.9,7.24.8,2026-08-29T02:47:27Z,ok,14,14,0,63.09,https://github.com/2dust/v2rayN/releases/tag/7.24.9
2dust/v2rayN,7.25.4,7.24.9,2026-09-30T06:39:05Z,ok,59,59,0,716.64,https://github.com/2dust/v2rayN/releases/tag/7.25.4
addyosmani/agent-skills,0.5.0,,2026-04-10T03:08:08Z,sem_anterior,,0,0,,https://github.com/addyosmani/agent-skills/releases/tag/0.5.0
addyosmani/agent-skills,0.6.0,0.5.0,2026-04-28T04:39:22Z,ok,46,46,0,415.53,https://github.com/addyosmani/agent-skills/releases/tag/0.6.0
addyosmani/agent-skills,0.6.1,0.6.0,2026-05-23T04:42:24Z,ok,46,46,0,1001.88,https://github.com/addyosmani/agent-skills/releases/tag/0.6.1
addyosmani/agent-skills,0.6.2,0.6.1,2026-06-11T01:41:28Z,ok,34,34,0,759.95,https://github.com/addyosmani/agent-skills/releases/tag/0.6.2
addyosmani/agent-skills,0.6.3,0.6.2,2026-07-03T05:42:25Z,ok,73,73,0,530.97,https://github.com/addyosmani/agent-skills/releases/tag/0.6.3
addyosmani/agent-skills,0.6.4,0.6.3,2026-07-12T18:03:56Z,ok,45,45,0,2019.58,https://github.com/addyosmani/agent-skills/releases/tag/0.6.4
addyosmani/agent-skills,0.6.5,0.6.4,2026-07-26T01:22:06Z,ok,31,31,0,2169.24,https://github.com/addyosmani/agent-skills/releases/tag/0.6.5
addyosmani/agent-skills,0.6.6,0.6.5,2026-08-04T04:08:32Z,ok,11,11,0,504.85,https://github.com/addyosmani/agent-skills/releases/tag/0.6.6
addyosmani/agent-skills,0.6.7,0.6.6,2026-08-14T18:51:44Z,ok,48,48,0,3027.94,https://github.com/addyosmani/agent-skills/releases/tag/0.6.7
addyosmani/agent-skills,0.6.8,0.6.7,2026-08-28T23:31:51Z,ok,21,21,0,486.58,https://github.com/addyosmani/agent-skills/releases/tag/0.6.8
addyosmani/agent-skills,0.6.9,0.6.8,2026-09-05T03:25:18Z,ok,22,22,0,1780.7,https://github.com/addyosmani/agent-skills/releases/tag/0.6.9
addyosmani/agent-skills,0.6.10,0.6.9,2026-09-18T03:32:23Z,ok,56,56,0,1473.01,https://github.com/addyosmani/agent-skills/releases/tag/0.6.10
addyosmani/agent-skills,0.6.11,0.6.10,2026-09-26T04:19:39Z,ok,54,54,0,1015.81,https://github.com/addyosmani/agent-skills/releases/tag/0.6.11
affaan-m/ECC,v1.0.0,,2026-01-22T12:17:08Z,sem_anterior,,0,0,,https://github.com/affaan-m/ECC/releases/tag/v1.0.0
affaan-m/ECC,v1.1.0,v1.0.0,2026-01-26T02:21:56Z,ok,22,22,0,77.13,https://github.com/affaan-m/ECC/releases/tag/v1.1.0
affaan-m/ECC,v1.2.0,v1.1.0,2026-02-01T11:51:06Z,ok,39,39,0,152.77,https://github.com/affaan-m/ECC/releases/tag/v1.2.0
affaan-m/ECC,v1.3.0,v1.2.0,2026-02-05T13:15:36Z,ok,2,2,0,60.4,https://github.com/affaan-m/ECC/releases/tag/v1.3.0
affaan-m/ECC,v1.4.0,v1.3.0,2026-02-06T07:40:35Z,ok,7,7,0,17.71,https://github.com/affaan-m/ECC/releases/tag/v1.4.0
affaan-m/ECC,v1.4.1,v1.4.0,2026-02-06T09:13:21Z,ok,1,1,0,0.21,https://github.com/affaan-m/ECC/releases/tag/v1.4.1
affaan-m/ECC,v1.5.0,v1.4.1,2026-02-11T10:07:45Z,ok,7,7,0,119.76,https://github.com/affaan-m/ECC/releases/tag/v1.5.0
affaan-m/ECC,v1.6.0,v1.5.0,2026-02-24T06:56:35Z,ok,309,309,0,757.59,https://github.com/affaan-m/ECC/releases/tag/v1.6.0
affaan-m/ECC,v1.7.0,v1.6.0,2026-02-27T14:06:50Z,ok,45,45,0,285.08,https://github.com/affaan-m/ECC/releases/tag/v1.7.0
affaan-m/ECC,v1.8.0,v1.7.0,2026-03-05T20:50:57Z,ok,29,29,0,135.87,https://github.com/affaan-m/ECC/releases/tag/v1.8.0
affaan-m/ECC,v1.9.0,v1.8.0,2026-03-21T00:29:53Z,ok,219,219,0,562.18,https://github.com/affaan-m/ECC/releases/tag/v1.9.0
affaan-m/ECC,v1.10.0,v1.9.0,2026-04-05T20:20:57Z,ok,370,370,0,396.62,https://github.com/affaan-m/ECC/releases/tag/v1.10.0
affaan-m/ECC,v2.0.0,v1.10.0,2026-06-10T01:49:20Z,ok,998,998,0,1565.31,https://github.com/affaan-m/ECC/releases/tag/v2.0.0
affaan-m/ECC,v2.1.0,v2.0.0,2026-07-27T18:10:46Z,ok,258,258,0,1327.68,https://github.com/affaan-m/ECC/releases/tag/v2.1.0
affaan-m/ECC,v2.2.0,v2.1.0,2026-08-28T19:55:05Z,ok,164,164,0,769.73,https://github.com/affaan-m/ECC/releases/tag/v2.2.0
affaan-m/ECC,v2.2.1,v2.2.0,2026-09-08T17:52:08Z,ok,183,183,0,1829.57,https://github.com/affaan-m/ECC/releases/tag/v2.2.1
affaan-m/ECC,v2.2.2,v2.2.1,2026-09-30T19:04:52Z,ok,373,373,0,2108.24,https://github.com/affaan-m/ECC/releases/tag/v2.2.2
affaan-m/ECC,v2.2.3,v2.2.2,2026-10-01T23:00:36Z,ok,2,2,0,0.18,https://github.com/affaan-m/ECC/releases/tag/v2.2.3
ant-design/ant-design,5.27.5,5.27.4,2025-10-14T11:16:43Z,ok,68,68,0,648.62,https://github.com/ant-design/ant-design/releases/tag/5.27.5
ant-design/ant-design,5.27.6,5.27.5,2025-10-20T09:08:08Z,ok,39,39,0,141.25,https://github.com/ant-design/ant-design/releases/tag/5.27.6
ant-design/ant-design,5.28.0,5.27.6,2025-11-01T15:37:32Z,ok,116,116,0,1970.45,https://github.com/ant-design/ant-design/releases/tag/5.28.0
ant-design/ant-design,5.28.1,5.28.0,2025-11-11T02:34:46Z,ok,19,19,0,205.88,https://github.com/ant-design/ant-design/releases/tag/5.28.1
ant-design/ant-design,5.29.0,5.28.1,2025-11-17T07:55:10Z,ok,30,30,0,497.21,https://github.com/ant-design/ant-design/releases/tag/5.29.0
ant-design/ant-design,5.29.1,5.29.0,2025-11-18T15:34:27Z,ok,7,7,0,31.29,https://github.com/ant-design/ant-design/releases/tag/5.29.1
ant-design/ant-design,6.0.0,5.29.1,2025-11-22T05:10:23Z,ok,800,800,0,7963.86,https://github.com/ant-design/ant-design/releases/tag/6.0.0
ant-design/ant-design,6.0.1,6.0.0,2025-12-02T11:14:40Z,ok,90,90,0,258.55,https://github.com/ant-design/ant-design/releases/tag/6.0.1
ant-design/ant-design,6.1.0,6.0.1,2025-12-08T12:36:35Z,ok,49,49,0,395.04,https://github.com/ant-design/ant-design/releases/tag/6.1.0
ant-design/ant-design,5.29.2,6.1.0,2025-12-15T09:54:18Z,ok,10,10,0,556.97,https://github.com/ant-design/ant-design/releases/tag/5.29.2
ant-design/ant-design,6.1.1,5.29.2,2025-12-15T15:50:16Z,ok,969,969,0,8526.52,https://github.com/ant-design/ant-design/releases/tag/6.1.1
ant-design/ant-design,5.29.3,6.1.1,2025-12-18T04:06:05Z,ok,12,12,0,623.16,https://github.com/ant-design/ant-design/releases/tag/5.29.3
ant-design/ant-design,6.1.2,5.29.3,2025-12-24T06:00:22Z,ok,1004,1004,0,8732.69,https://github.com/ant-design/ant-design/releases/tag/6.1.2
ant-design/ant-design,6.1.3,6.1.2,2025-12-29T08:15:03Z,ok,24,24,0,120.5,https://github.com/ant-design/ant-design/releases/tag/6.1.3
ant-design/ant-design,6.1.4,6.1.3,2026-01-05T08:38:38Z,ok,27,27,0,162.75,https://github.com/ant-design/ant-design/releases/tag/6.1.4
ant-design/ant-design,6.2.0,6.1.4,2026-01-13T06:39:02Z,ok,87,87,0,820.08,https://github.com/ant-design/ant-design/releases/tag/6.2.0
ant-design/ant-design,6.2.1,6.2.0,2026-01-20T07:21:02Z,ok,34,34,0,168.59,https://github.com/ant-design/ant-design/releases/tag/6.2.1
ant-design/ant-design,6.2.2,6.2.1,2026-01-26T11:33:18Z,ok,18,18,0,135.74,https://github.com/ant-design/ant-design/releases/tag/6.2.2
ant-design/ant-design,6.2.3,6.2.2,2026-02-02T08:08:52Z,ok,26,26,0,163.31,https://github.com/ant-design/ant-design/releases/tag/6.2.3
ant-design/ant-design,6.3.0,6.2.3,2026-02-10T05:59:05Z,ok,112,112,0,665.03,https://github.com/ant-design/ant-design/releases/tag/6.3.0
ant-design/ant-design,6.3.1,6.3.0,2026-02-24T14:12:04Z,ok,48,48,0,336.89,https://github.com/ant-design/ant-design/releases/tag/6.3.1
ant-design/ant-design,6.3.2,6.3.1,2026-03-09T07:48:29Z,ok,77,77,0,291.85,https://github.com/ant-design/ant-design/releases/tag/6.3.2
ant-design/ant-design,6.3.3,6.3.2,2026-03-16T08:48:45Z,ok,47,47,0,167.69,https://github.com/ant-design/ant-design/releases/tag/6.3.3
ant-design/ant-design,6.3.4,6.3.3,2026-03-24T12:04:39Z,ok,41,41,0,194.47,https://github.com/ant-design/ant-design/releases/tag/6.3.4
ant-design/ant-design,6.3.5,6.3.4,2026-03-30T08:22:44Z,ok,27,27,0,139.03,https://github.com/ant-design/ant-design/releases/tag/6.3.5
ant-design/ant-design,6.3.6,6.3.5,2026-04-17T08:19:51Z,ok,95,95,0,431.84,https://github.com/ant-design/ant-design/releases/tag/6.3.6
ant-design/ant-design,6.3.7,6.3.6,2026-04-27T06:09:29Z,ok,31,31,0,235.45,https://github.com/ant-design/ant-design/releases/tag/6.3.7
ant-design/ant-design,6.4.0,6.3.7,2026-05-14T07:20:36Z,ok,275,275,0,2253.44,https://github.com/ant-design/ant-design/releases/tag/6.4.0
ant-design/ant-design,6.4.1,6.4.0,2026-05-14T10:36:21Z,ok,4,4,0,1.12,https://github.com/ant-design/ant-design/releases/tag/6.4.1
ant-design/ant-design,6.4.2,6.4.1,2026-05-14T15:33:57Z,ok,2,2,0,1.21,https://github.com/ant-design/ant-design/releases/tag/6.4.2
ant-design/ant-design,6.4.3,6.4.2,2026-05-18T08:30:21Z,ok,29,29,0,55.4,https://github.com/ant-design/ant-design/releases/tag/6.4.3
ant-design/ant-design,6.4.4,6.4.3,2026-06-12T06:25:32Z,ok,145,145,0,590.11,https://github.com/ant-design/ant-design/releases/tag/6.4.4
ant-design/ant-design,6.4.5,6.4.4,2026-06-22T06:13:44Z,ok,62,62,0,239.78,https://github.com/ant-design/ant-design/releases/tag/6.4.5
ant-design/ant-design,6.5.0,6.4.5,2026-06-27T15:54:13Z,ok,140,140,0,1065.99,https://github.com/ant-design/ant-design/releases/tag/6.5.0
ant-design/ant-design,6.5.1,6.5.0,2026-07-13T12:51:00Z,ok,66,66,0,380.19,https://github.com/ant-design/ant-design/releases/tag/6.5.1
ant-design/ant-design,6.5.2,6.5.1,2026-07-24T04:23:43Z,ok,56,56,0,261.84,https://github.com/ant-design/ant-design/releases/tag/6.5.2
ant-design/ant-design,6.5.3,6.5.2,2026-07-31T07:52:58Z,ok,34,34,0,160.73,https://github.com/ant-design/ant-design/releases/tag/6.5.3
ant-design/ant-design,6.5.4,6.5.3,2026-08-07T05:58:03Z,ok,27,27,0,149.59,https://github.com/ant-design/ant-design/releases/tag/6.5.4
ant-design/ant-design,6.6.0,6.5.4,2026-08-10T09:00:04Z,ok,120,120,0,1058.17,https://github.com/ant-design/ant-design/releases/tag/6.6.0
ant-design/ant-design,6.6.1,6.6.0,2026-08-17T07:58:24Z,ok,49,49,0,154.28,https://github.com/ant-design/ant-design/releases/tag/6.6.1
ant-design/ant-design,6.6.2,6.6.1,2026-08-28T05:53:19Z,ok,53,53,0,261.91,https://github.com/ant-design/ant-design/releases/tag/6.6.2
ant-design/ant-design,6.6.3,6.6.2,2026-09-07T08:37:14Z,ok,49,49,0,241.41,https://github.com/ant-design/ant-design/releases/tag/6.6.3
ant-design/ant-design,6.6.4,6.6.3,2026-09-14T06:25:28Z,ok,27,27,0,165.26,https://github.com/ant-design/ant-design/releases/tag/6.6.4
ant-design/ant-design,6.6.5,6.6.4,2026-09-20T09:04:11Z,ok,24,24,0,128.93,https://github.com/ant-design/ant-design/releases/tag/6.6.5
axios/axios,v1.13.0,v0.30.2,2025-10-27T16:08:09Z,ok,532,532,0,29952.72,https://github.com/axios/axios/releases/tag/v1.13.0
axios/axios,v1.13.1,v1.13.0,2025-10-28T18:55:27Z,ok,3,3,0,23.79,https://github.com/axios/axios/releases/tag/v1.13.1
axios/axios,v1.13.2,v1.13.1,2025-11-04T20:01:14Z,ok,5,5,0,144.85,https://github.com/axios/axios/releases/tag/v1.13.2
axios/axios,v1.13.3,v1.13.2,2026-01-20T17:48:39Z,ok,50,50,0,1799.51,https://github.com/axios/axios/releases/tag/v1.13.3
axios/axios,v1.13.4,v1.13.3,2026-01-27T18:18:01Z,ok,13,13,0,32163.19,https://github.com/axios/axios/releases/tag/v1.13.4
axios/axios,v1.13.5,v1.13.4,2026-02-08T11:04:44Z,ok,12,12,0,257.12,https://github.com/axios/axios/releases/tag/v1.13.5
axios/axios,v0.30.3,v1.13.5,2026-02-18T17:20:54Z,ok,53,53,0,32689.97,https://github.com/axios/axios/releases/tag/v0.30.3
axios/axios,v1.13.6,v0.30.3,2026-02-27T15:35:19Z,ok,626,626,0,32904.48,https://github.com/axios/axios/releases/tag/v1.13.6
axios/axios,v1.14.0,v1.13.6,2026-03-27T19:01:13Z,ok,33,33,0,675.4,https://github.com/axios/axios/releases/tag/v1.14.0
axios/axios,v1.15.0,v1.14.0,2026-04-07T16:09:08Z,ok,41,41,0,247.61,https://github.com/axios/axios/releases/tag/v1.15.0
axios/axios,v0.31.0,v1.15.0,2026-04-12T09:58:49Z,ok,64,64,0,33954.6,https://github.com/axios/axios/releases/tag/v0.31.0
axios/axios,v1.15.1,v0.31.0,2026-04-19T17:06:30Z,ok,746,746,0,34130.0,https://github.com/axios/axios/releases/tag/v1.15.1
axios/axios,v0.31.1,v1.15.1,2026-04-19T17:09:30Z,ok,72,72,0,34129.78,https://github.com/axios/axios/releases/tag/v0.31.1
axios/axios,v1.15.2,v0.31.1,2026-04-21T17:51:16Z,ok,752,752,0,34178.75,https://github.com/axios/axios/releases/tag/v1.15.2
axios/axios,v1.16.0,v1.15.2,2026-05-02T12:31:06Z,ok,41,41,0,258.21,https://github.com/axios/axios/releases/tag/v1.16.0
axios/axios,v0.32.0,v1.16.0,2026-05-04T17:15:03Z,ok,74,74,0,34489.87,https://github.com/axios/axios/releases/tag/v0.32.0
axios/axios,v1.16.1,v0.32.0,2026-05-13T16:19:58Z,ok,816,816,0,34705.22,https://github.com/axios/axios/releases/tag/v1.16.1
axios/axios,v1.17.0,v1.16.1,2026-06-03T06:14:01Z,ok,45,45,0,493.6,https://github.com/axios/axios/releases/tag/v1.17.0
axios/axios,v0.33.0,v1.17.0,2026-06-13T11:53:34Z,ok,80,80,0,35444.51,https://github.com/axios/axios/releases/tag/v0.33.0
axios/axios,v1.18.0,v0.33.0,2026-06-13T12:00:31Z,ok,872,872,0,35444.9,https://github.com/axios/axios/releases/tag/v1.18.0
axios/axios,v1.18.1,v1.18.0,2026-06-21T17:25:10Z,ok,21,21,0,167.29,https://github.com/axios/axios/releases/tag/v1.18.1
axios/axios,v1.19.0,v1.18.1,2026-07-26T14:13:32Z,ok,40,40,0,811.74,https://github.com/axios/axios/releases/tag/v1.19.0
axios/axios,v1.20.0,v1.19.0,2026-08-24T13:40:40Z,ok,31,31,0,695.41,https://github.com/axios/axios/releases/tag/v1.20.0
axios/axios,v0.34.0,v1.20.0,2026-09-13T16:40:14Z,ok,86,86,0,37657.29,https://github.com/axios/axios/releases/tag/v0.34.0
bitcoin/bitcoin,v30.0,v29.1,2025-10-13T12:46:30Z,ok,2062,2062,0,46012.22,https://github.com/bitcoin/bitcoin/releases/tag/v30.0
bitcoin/bitcoin,v29.2,v30.0,2025-10-14T18:30:41Z,ok,243,243,0,6191.96,https://github.com/bitcoin/bitcoin/releases/tag/v29.2
bitcoin/bitcoin,v28.3,v29.2,2025-10-30T13:46:35Z,ok,197,197,0,12767.49,https://github.com/bitcoin/bitcoin/releases/tag/v28.3
bitcoin/bitcoin,v30.1,v28.3,2026-01-02T16:15:41Z,ok,4064,4064,0,70795.31,https://github.com/bitcoin/bitcoin/releases/tag/v30.1
bitcoin/bitcoin,v30.2,v30.1,2026-01-13T09:36:00Z,ok,29,29,0,2510.81,https://github.com/bitcoin/bitcoin/releases/tag/v30.2
bitcoin/bitcoin,v29.3,v30.2,2026-02-11T11:04:13Z,ok,304,304,0,10240.98,https://github.com/bitcoin/bitcoin/releases/tag/v29.3
bitcoin/bitcoin,v28.4,v29.3,2026-04-06T06:37:17Z,ok,237,237,0,16552.34,https://github.com/bitcoin/bitcoin/releases/tag/v28.4
bitcoin/bitcoin,v31.0,v28.4,2026-04-20T13:21:17Z,ok,6092,6092,0,73384.4,https://github.com/bitcoin/bitcoin/releases/tag/v31.0
bitcoin/bitcoin,v31.1,v31.0,2026-07-08T09:14:15Z,ok,55,55,0,3875.39,https://github.com/bitcoin/bitcoin/releases/tag/v31.1
bitcoin/bitcoin,v30.3,v31.1,2026-07-10T09:34:59Z,ok,219,219,0,24224.25,https://github.com/bitcoin/bitcoin/releases/tag/v30.3
bitcoin/bitcoin,v29.4,v30.3,2026-07-10T14:25:37Z,ok,339,339,0,13820.34,https://github.com/bitcoin/bitcoin/releases/tag/v29.4
browser-use/browser-use,0.7.11,0.7.10,2025-10-08T19:23:37Z,ok,105,105,0,326.4,https://github.com/browser-use/browser-use/releases/tag/0.7.11
browser-use/browser-use,0.7.12,0.7.11,2025-10-09T06:48:18Z,ok,14,14,0,6.31,https://github.com/browser-use/browser-use/releases/tag/0.7.12
browser-use/browser-use,0.8.0,0.7.12,2025-10-09T07:03:10Z,ok,2,2,0,0.03,https://github.com/browser-use/browser-use/releases/tag/0.8.0
browser-use/browser-use,0.8.1,0.8.0,2025-10-14T22:00:51Z,ok,202,202,0,720.29,https://github.com/browser-use/browser-use/releases/tag/0.8.1
browser-use/browser-use,0.9.0,0.8.1,2025-10-22T21:51:42Z,ok,112,112,0,261.11,https://github.com/browser-use/browser-use/releases/tag/0.9.0
browser-use/browser-use,0.9.1,0.9.0,2025-10-24T09:48:28Z,ok,74,74,0,1092.81,https://github.com/browser-use/browser-use/releases/tag/0.9.1
browser-use/browser-use,0.9.2,0.9.1,2025-10-28T00:01:28Z,ok,135,135,0,87.09,https://github.com/browser-use/browser-use/releases/tag/0.9.2
browser-use/browser-use,0.9.3,0.9.2,2025-10-28T20:04:36Z,ok,48,48,0,207.78,https://github.com/browser-use/browser-use/releases/tag/0.9.3
browser-use/browser-use,0.9.4,0.9.3,2025-10-29T04:38:17Z,ok,19,19,0,63.54,https://github.com/browser-use/browser-use/releases/tag/0.9.4
browser-use/browser-use,0.9.5,0.9.4,2025-11-01T02:20:40Z,ok,137,137,0,429.89,https://github.com/browser-use/browser-use/releases/tag/0.9.5
browser-use/browser-use,0.9.6,0.9.5,2025-11-15T19:53:23Z,ok,234,234,0,359.98,https://github.com/browser-use/browser-use/releases/tag/0.9.6
browser-use/browser-use,0.9.7,0.9.6,2025-11-18T16:35:07Z,ok,16,16,0,148.94,https://github.com/browser-use/browser-use/releases/tag/0.9.7
browser-use/browser-use,0.10.0,0.9.7,2025-11-29T22:04:59Z,ok,221,221,0,978.39,https://github.com/browser-use/browser-use/releases/tag/0.10.0
browser-use/browser-use,0.10.1,0.10.0,2025-11-29T22:10:15Z,ok,4,4,0,0.17,https://github.com/browser-use/browser-use/releases/tag/0.10.1
browser-use/browser-use,0.11.0,0.10.1,2025-12-10T01:06:42Z,ok,54,54,0,281.67,https://github.com/browser-use/browser-use/releases/tag/0.11.0
browser-use/browser-use,0.11.1,0.11.0,2025-12-12T23:42:21Z,ok,22,22,0,71.64,https://github.com/browser-use/browser-use/releases/tag/0.11.1
browser-use/browser-use,0.11.2,0.11.1,2025-12-16T22:06:55Z,ok,18,18,0,82.44,https://github.com/browser-use/browser-use/releases/tag/0.11.2
browser-use/browser-use,0.11.3,0.11.2,2026-01-16T20:55:40Z,ok,86,86,0,978.82,https://github.com/browser-use/browser-use/releases/tag/0.11.3
browser-use/browser-use,0.11.4,0.11.3,2026-01-22T08:38:44Z,ok,16,16,0,127.55,https://github.com/browser-use/browser-use/releases/tag/0.11.4
browser-use/browser-use,0.11.5,0.11.4,2026-01-28T04:52:32Z,ok,71,71,0,1369.87,https://github.com/browser-use/browser-use/releases/tag/0.11.5
browser-use/browser-use,0.11.6,0.11.5,2026-02-01T01:08:14Z,ok,57,57,0,185.78,https://github.com/browser-use/browser-use/releases/tag/0.11.6
browser-use/browser-use,0.11.7,0.11.6,2026-02-01T06:45:23Z,ok,16,16,0,11.52,https://github.com/browser-use/browser-use/releases/tag/0.11.7
browser-use/browser-use,0.11.8,0.11.7,2026-02-03T02:00:33Z,ok,36,36,0,48.85,https://github.com/browser-use/browser-use/releases/tag/0.11.8
browser-use/browser-use,0.11.9,0.11.8,2026-02-06T05:28:02Z,ok,89,89,0,2200.52,https://github.com/browser-use/browser-use/releases/tag/0.11.9
browser-use/browser-use,0.11.10a1,0.11.9,2026-02-12T20:28:14Z,ok,119,119,0,648.11,https://github.com/browser-use/browser-use/releases/tag/0.11.10a1
browser-use/browser-use,0.11.10a2,0.11.10a1,2026-02-17T02:38:51Z,ok,10,10,0,2543.59,https://github.com/browser-use/browser-use/releases/tag/0.11.10a2
browser-use/browser-use,0.11.11,0.11.10a2,2026-02-20T02:54:58Z,ok,33,33,0,73.97,https://github.com/browser-use/browser-use/releases/tag/0.11.11
browser-use/browser-use,0.11.12,0.11.11,2026-02-23T04:37:32Z,ok,26,26,0,635.75,https://github.com/browser-use/browser-use/releases/tag/0.11.12
browser-use/browser-use,0.11.13,0.11.12,2026-02-25T05:19:15Z,ok,32,32,0,73.56,https://github.com/browser-use/browser-use/releases/tag/0.11.13
browser-use/browser-use,0.12.0,0.11.13,2026-02-26T01:48:40Z,ok,6,6,0,6.06,https://github.com/browser-use/browser-use/releases/tag/0.12.0
browser-use/browser-use,0.12.1,0.12.0,2026-03-03T01:52:58Z,ok,60,60,0,1694.22,https://github.com/browser-use/browser-use/releases/tag/0.12.1
browser-use/browser-use,0.12.2,0.12.1,2026-03-12T21:14:29Z,ok,48,48,0,148.76,https://github.com/browser-use/browser-use/releases/tag/0.12.2
browser-use/browser-use,0.12.3,0.12.2,2026-03-23T22:41:47Z,ok,129,129,0,478.75,https://github.com/browser-use/browser-use/releases/tag/0.12.3
browser-use/browser-use,0.12.4,0.12.3,2026-03-24T20:47:30Z,ok,8,8,0,42.13,https://github.com/browser-use/browser-use/releases/tag/0.12.4
browser-use/browser-use,0.12.5,0.12.4,2026-03-25T05:17:51Z,ok,7,7,0,7.06,https://github.com/browser-use/browser-use/releases/tag/0.12.5
browser-use/browser-use,0.12.6,0.12.5,2026-04-02T07:54:28Z,ok,78,78,0,1155.19,https://github.com/browser-use/browser-use/releases/tag/0.12.6
browser-use/browser-use,0.12.7,0.12.6,2026-05-19T01:11:20Z,ok,227,227,0,2220.78,https://github.com/browser-use/browser-use/releases/tag/0.12.7
browser-use/browser-use,0.12.8,0.12.7,2026-05-23T19:29:53Z,ok,45,45,0,152.41,https://github.com/browser-use/browser-use/releases/tag/0.12.8
browser-use/browser-use,0.12.9,0.12.8,2026-05-26T03:45:22Z,ok,6,6,0,6.66,https://github.com/browser-use/browser-use/releases/tag/0.12.9
browser-use/browser-use,0.13.0,0.12.9,2026-06-08T22:07:47Z,ok,408,408,0,834.69,https://github.com/browser-use/browser-use/releases/tag/0.13.0
browser-use/browser-use,0.13.1,0.13.0,2026-06-10T01:00:59Z,ok,9,9,0,4.65,https://github.com/browser-use/browser-use/releases/tag/0.13.1
browser-use/browser-use,0.13.2,0.13.1,2026-06-12T22:45:04Z,ok,18,18,0,97.61,https://github.com/browser-use/browser-use/releases/tag/0.13.2
browser-use/browser-use,0.13.3,0.13.2,2026-07-01T15:06:07Z,ok,52,52,0,492.11,https://github.com/browser-use/browser-use/releases/tag/0.13.3
browser-use/browser-use,0.13.4,0.13.3,2026-07-11T18:50:05Z,ok,70,70,0,234.14,https://github.com/browser-use/browser-use/releases/tag/0.13.4
browser-use/browser-use,0.13.5,0.13.4,2026-07-17T00:49:17Z,ok,9,9,0,116.87,https://github.com/browser-use/browser-use/releases/tag/0.13.5
browser-use/browser-use,0.13.6,0.13.5,2026-07-17T05:29:18Z,ok,2,2,0,0.08,https://github.com/browser-use/browser-use/releases/tag/0.13.6
browser-use/browser-use,0.13.7,0.13.6,2026-07-27T17:10:13Z,ok,52,52,0,463.45,https://github.com/browser-use/browser-use/releases/tag/0.13.7
browser-use/browser-use,0.13.8,0.13.7,2026-08-16T18:48:54Z,ok,141,141,0,1210.75,https://github.com/browser-use/browser-use/releases/tag/0.13.8
browser-use/browser-use,0.13.9,0.13.8,2026-09-04T01:29:32Z,ok,153,153,0,3691.81,https://github.com/browser-use/browser-use/releases/tag/0.13.9
browser-use/browser-use,0.13.10,0.13.9,2026-09-04T03:28:53Z,ok,4,4,0,0.19,https://github.com/browser-use/browser-use/releases/tag/0.13.10
caddyserver/caddy,v2.11.1,v2.10.2,2026-02-23T04:21:44Z,ok,143,143,0,4357.23,https://github.com/caddyserver/caddy/releases/tag/v2.11.1
caddyserver/caddy,v2.11.2,v2.11.1,2026-03-06T02:43:43Z,ok,34,34,0,288.11,https://github.com/caddyserver/caddy/releases/tag/v2.11.2
caddyserver/caddy,v2.11.3,v2.11.2,2026-05-12T15:18:58Z,ok,60,60,0,1483.75,https://github.com/caddyserver/caddy/releases/tag/v2.11.3
caddyserver/caddy,v2.11.4,v2.11.3,2026-06-03T06:52:22Z,ok,24,24,0,516.78,https://github.com/caddyserver/caddy/releases/tag/v2.11.4
caddyserver/caddy,v2.11.6,v2.11.4,2026-10-01T15:21:21Z,ok,121,121,0,2891.54,https://github.com/caddyserver/caddy/releases/tag/v2.11.6
clash-verge-rev/clash-verge-rev,v2.4.3,v2.4.2,2025-11-08T11:44:57Z,ok,436,436,0,1495.65,https://github.com/clash-verge-rev/clash-verge-rev/releases/tag/v2.4.3
clash-verge-rev/clash-verge-rev,v2.4.4,v2.4.3,2025-12-19T08:49:56Z,ok,332,332,0,981.55,https://github.com/clash-verge-rev/clash-verge-rev/releases/tag/v2.4.4
clash-verge-rev/clash-verge-rev,v2.4.5,v2.4.4,2026-01-25T06:25:40Z,ok,133,133,0,885.58,https://github.com/clash-verge-rev/clash-verge-rev/releases/tag/v2.4.5
clash-verge-rev/clash-verge-rev,v2.4.6,v2.4.5,2026-02-19T20:16:41Z,ok,69,69,0,613.91,https://github.com/clash-verge-rev/clash-verge-rev/releases/tag/v2.4.6
clash-verge-rev/clash-verge-rev,v2.4.7,v2.4.6,2026-03-21T16:16:55Z,ok,88,88,0,714.5,https://github.com/clash-verge-rev/clash-verge-rev/releases/tag/v2.4.7
clash-verge-rev/clash-verge-rev,v2.5.0,v2.4.7,2026-05-19T05:57:46Z,ok,170,170,0,1414.43,https://github.com/clash-verge-rev/clash-verge-rev/releases/tag/v2.5.0
clash-verge-rev/clash-verge-rev,v2.5.1,v2.5.0,2026-05-20T07:01:22Z,ok,4,4,0,24.99,https://github.com/clash-verge-rev/clash-verge-rev/releases/tag/v2.5.1
clash-verge-rev/clash-verge-rev,v2.5.2,v2.5.1,2026-07-19T17:00:26Z,ok,208,208,0,1450.55,https://github.com/clash-verge-rev/clash-verge-rev/releases/tag/v2.5.2
clash-verge-rev/clash-verge-rev,v2.5.5,v2.5.2,2026-09-22T13:38:49Z,ok,284,284,0,1557.24,https://github.com/clash-verge-rev/clash-verge-rev/releases/tag/v2.5.5
clash-verge-rev/clash-verge-rev,v2.5.6,v2.5.5,2026-09-26T04:11:55Z,ok,15,15,0,74.14,https://github.com/clash-verge-rev/clash-verge-rev/releases/tag/v2.5.6
clash-verge-rev/clash-verge-rev,v2.5.7,v2.5.6,2026-10-02T16:25:43Z,ok,8,8,0,150.58,https://github.com/clash-verge-rev/clash-verge-rev/releases/tag/v2.5.7
coder/code-server,v4.104.3,v4.104.2,2025-10-07T17:42:11Z,ok,2,2,0,139.45,https://github.com/coder/code-server/releases/tag/v4.104.3
coder/code-server,v4.105.0,v4.104.3,2025-10-17T19:55:55Z,ok,1,1,0,70.48,https://github.com/coder/code-server/releases/tag/v4.105.0
coder/code-server,v4.105.1,v4.105.0,2025-10-20T20:19:23Z,ok,1,1,0,69.78,https://github.com/coder/code-server/releases/tag/v4.105.1
coder/code-server,v4.106.0,v4.105.1,2025-11-19T18:01:23Z,ok,11,11,0,521.84,https://github.com/coder/code-server/releases/tag/v4.106.0
coder/code-server,v4.106.2,v4.106.0,2025-11-20T00:23:05Z,ok,3,3,0,6.23,https://github.com/coder/code-server/releases/tag/v4.106.2
coder/code-server,v4.106.3,v4.106.2,2025-12-01T22:06:12Z,ok,5,5,0,142.46,https://github.com/coder/code-server/releases/tag/v4.106.3
coder/code-server,v4.107.0,v4.106.3,2025-12-17T18:59:21Z,ok,6,6,0,356.91,https://github.com/coder/code-server/releases/tag/v4.107.0
coder/code-server,v4.107.1,v4.107.0,2026-01-09T19:41:18Z,ok,2,2,0,22.02,https://github.com/coder/code-server/releases/tag/v4.107.1
coder/code-server,v4.108.0,v4.107.1,2026-01-12T19:24:55Z,ok,1,1,0,71.71,https://github.com/coder/code-server/releases/tag/v4.108.0
coder/code-server,v4.108.1,v4.108.0,2026-01-17T04:09:09Z,ok,4,4,0,104.7,https://github.com/coder/code-server/releases/tag/v4.108.1
coder/code-server,v4.108.2,v4.108.1,2026-01-26T22:43:09Z,ok,11,11,0,73.46,https://github.com/coder/code-server/releases/tag/v4.108.2
coder/code-server,v4.109.0,v4.108.2,2026-02-13T02:53:42Z,ok,4,4,0,385.8,https://github.com/coder/code-server/releases/tag/v4.109.0
coder/code-server,v4.109.2,v4.109.0,2026-02-13T03:08:19Z,ok,1,1,0,33.2,https://github.com/coder/code-server/releases/tag/v4.109.2
coder/code-server,v4.109.5,v4.109.2,2026-03-02T21:44:01Z,ok,1,1,0,1.42,https://github.com/coder/code-server/releases/tag/v4.109.5
coder/code-server,v4.110.0,v4.109.5,2026-03-09T19:30:51Z,ok,15,15,0,146.11,https://github.com/coder/code-server/releases/tag/v4.110.0
coder/code-server,v4.110.1,v4.110.0,2026-03-11T01:53:02Z,ok,1,1,0,1.75,https://github.com/coder/code-server/releases/tag/v4.110.1
coder/code-server,v4.111.0,v4.110.1,2026-03-11T22:19:15Z,ok,2,2,0,20.37,https://github.com/coder/code-server/releases/tag/v4.111.0
coder/code-server,v4.112.0,v4.111.0,2026-03-19T23:25:29Z,ok,3,3,0,173.24,https://github.com/coder/code-server/releases/tag/v4.112.0
coder/code-server,v4.113.0,v4.112.0,2026-04-02T17:26:29Z,ok,17,17,0,310.49,https://github.com/coder/code-server/releases/tag/v4.113.0
coder/code-server,v4.113.1,v4.113.0,2026-04-03T20:13:04Z,ok,1,1,0,0.77,https://github.com/coder/code-server/releases/tag/v4.113.1
coder/code-server,v4.114.0,v4.113.1,2026-04-04T08:19:33Z,ok,1,1,0,10.2,https://github.com/coder/code-server/releases/tag/v4.114.0
coder/code-server,v4.114.1,v4.114.0,2026-04-06T20:54:29Z,ok,5,5,0,2.47,https://github.com/coder/code-server/releases/tag/v4.114.1
coder/code-server,v4.115.0,v4.114.1,2026-04-08T21:45:15Z,ok,2,2,0,48.65,https://github.com/coder/code-server/releases/tag/v4.115.0
coder/code-server,v4.116.0,v4.115.0,2026-04-16T19:11:02Z,ok,10,10,0,189.42,https://github.com/coder/code-server/releases/tag/v4.116.0
coder/code-server,v4.117.0,v4.116.0,2026-04-23T19:58:13Z,ok,9,9,0,144.93,https://github.com/coder/code-server/releases/tag/v4.117.0
coder/code-server,v4.118.0,v4.117.0,2026-05-06T21:42:07Z,ok,6,6,0,220.12,https://github.com/coder/code-server/releases/tag/v4.118.0
coder/code-server,v4.121.0,v4.118.0,2026-05-20T22:54:10Z,ok,24,24,0,336.59,https://github.com/coder/code-server/releases/tag/v4.121.0
coder/code-server,v4.122.0,v4.121.0,2026-05-28T23:59:00Z,ok,15,15,0,192.29,https://github.com/coder/code-server/releases/tag/v4.122.0
coder/code-server,v4.122.1,v4.122.0,2026-06-02T10:44:27Z,ok,5,5,0,88.42,https://github.com/coder/code-server/releases/tag/v4.122.1
coder/code-server,v4.123.0,v4.122.1,2026-06-03T21:40:03Z,ok,4,4,0,26.96,https://github.com/coder/code-server/releases/tag/v4.123.0
coder/code-server,v4.124.2,v4.123.0,2026-06-16T08:16:24Z,ok,5,5,0,277.44,https://github.com/coder/code-server/releases/tag/v4.124.2
coder/code-server,v4.125.0,v4.124.2,2026-06-18T03:49:01Z,ok,23,23,0,35.86,https://github.com/coder/code-server/releases/tag/v4.125.0
coder/code-server,v4.126.0,v4.125.0,2026-06-24T21:44:00Z,ok,4,4,0,146.89,https://github.com/coder/code-server/releases/tag/v4.126.0
coder/code-server,v4.127.0,v4.126.0,2026-07-02T13:15:25Z,ok,2,2,0,183.12,https://github.com/coder/code-server/releases/tag/v4.127.0
coder/code-server,v4.128.0,v4.127.0,2026-07-11T19:41:20Z,ok,4,4,0,215.6,https://github.com/coder/code-server/releases/tag/v4.128.0
coder/code-server,v4.129.0,v4.128.0,2026-07-17T09:38:42Z,ok,3,3,0,88.7,https://github.com/coder/code-server/releases/tag/v4.129.0
coder/code-server,v4.130.0,v4.129.0,2026-07-23T23:58:43Z,ok,10,10,0,148.43,https://github.com/coder/code-server/releases/tag/v4.130.0
coder/code-server,v4.131.0,v4.130.0,2026-07-30T22:14:33Z,ok,7,7,0,171.31,https://github.com/coder/code-server/releases/tag/v4.131.0
coder/code-server,v4.132.0,v4.131.0,2026-08-10T17:54:38Z,ok,9,9,0,259.29,https://github.com/coder/code-server/releases/tag/v4.132.0
coder/code-server,v4.133.0,v4.132.0,2026-08-17T18:28:34Z,ok,4,4,0,168.14,https://github.com/coder/code-server/releases/tag/v4.133.0
coder/code-server,v4.134.0,v4.133.0,2026-08-24T21:42:57Z,ok,16,16,0,165.74,https://github.com/coder/code-server/releases/tag/v4.134.0
coder/code-server,v4.135.0,v4.134.0,2026-08-27T18:14:41Z,ok,3,3,0,68.5,https://github.com/coder/code-server/releases/tag/v4.135.0
coder/code-server,v4.136.2,v4.135.0,2026-09-08T19:52:43Z,ok,6,6,0,288.11,https://github.com/coder/code-server/releases/tag/v4.136.2
coder/code-server,v4.137.0,v4.136.2,2026-09-11T00:52:52Z,ok,26,26,0,52.59,https://github.com/coder/code-server/releases/tag/v4.137.0
coder/code-server,v4.138.0,v4.137.0,2026-09-19T20:06:39Z,ok,5,5,0,210.92,https://github.com/coder/code-server/releases/tag/v4.138.0
coder/code-server,v4.139.1,v4.138.0,2026-09-26T00:09:28Z,ok,3,3,0,133.3,https://github.com/coder/code-server/releases/tag/v4.139.1
coder/code-server,v4.140.0,v4.139.1,2026-10-01T23:46:10Z,ok,5,5,0,73.01,https://github.com/coder/code-server/releases/tag/v4.140.0
Comfy-Org/ComfyUI,v0.3.63,v0.3.62,2025-10-06T20:20:31Z,ok,37,37,0,135.13,https://github.com/Comfy-Org/ComfyUI/releases/tag/v0.3.63
Comfy-Org/ComfyUI,v0.3.64,v0.3.63,2025-10-08T06:05:15Z,ok,11,11,0,30.99,https://github.com/Comfy-Org/ComfyUI/releases/tag/v0.3.64
Comfy-Org/ComfyUI,v0.3.65,v0.3.64,2025-10-14T04:29:34Z,ok,31,31,0,141.26,https://github.com/Comfy-Org/ComfyUI/releases/tag/v0.3.65
Comfy-Org/ComfyUI,v0.3.66,v0.3.65,2025-10-21T14:31:24Z,ok,29,29,0,178.79,https://github.com/Comfy-Org/ComfyUI/releases/tag/v0.3.66
Comfy-Org/ComfyUI,v0.3.67,v0.3.66,2025-10-28T08:26:28Z,ok,20,20,0,153.18,https://github.com/Comfy-Org/ComfyUI/releases/tag/v0.3.67
Comfy-Org/ComfyUI,v0.3.68,v0.3.67,2025-11-05T01:50:21Z,ok,44,44,0,186.48,https://github.com/Comfy-Org/ComfyUI/releases/tag/v0.3.68
Comfy-Org/ComfyUI,v0.3.69,v0.3.68,2025-11-18T00:57:21Z,ok,32,32,0,311.79,https://github.com/Comfy-Org/ComfyUI/releases/tag/v0.3.69
Comfy-Org/ComfyUI,v0.3.70,v0.3.69,2025-11-19T04:03:11Z,ok,9,9,0,27.99,https://github.com/Comfy-Org/ComfyUI/releases/tag/v0.3.70
Comfy-Org/ComfyUI,v0.3.71,v0.3.70,2025-11-21T07:14:22Z,ok,15,15,0,51.64,https://github.com/Comfy-Org/ComfyUI/releases/tag/v0.3.71
Comfy-Org/ComfyUI,v0.3.72,v0.3.71,2025-11-25T18:46:48Z,ok,20,20,0,93.2,https://github.com/Comfy-Org/ComfyUI/releases/tag/v0.3.72
Comfy-Org/ComfyUI,v0.3.73,v0.3.72,2025-11-26T00:05:21Z,ok,4,4,0,4.58,https://github.com/Comfy-Org/ComfyUI/releases/tag/v0.3.73
Comfy-Org/ComfyUI,v0.3.75,v0.3.73,2025-11-26T08:54:50Z,ok,6,6,0,9.22,https://github.com/Comfy-Org/ComfyUI/releases/tag/v0.3.75
Comfy-Org/ComfyUI,v0.3.76,v0.3.75,2025-12-02T02:55:04Z,ok,34,34,0,137.91,https://github.com/Comfy-Org/ComfyUI/releases/tag/v0.3.76
Comfy-Org/ComfyUI,v0.4.0,v0.3.76,2025-12-10T00:11:48Z,ok,59,59,0,190.26,https://github.com/Comfy-Org/ComfyUI/releases/tag/v0.4.0
Comfy-Org/ComfyUI,v0.5.0,v0.4.0,2025-12-17T16:48:33Z,ok,41,41,0,181.36,https://github.com/Comfy-Org/ComfyUI/releases/tag/v0.5.0
Comfy-Org/ComfyUI,v0.5.1,v0.5.0,2025-12-18T03:08:43Z,ok,5,5,0,9.42,https://github.com/Comfy-Org/ComfyUI/releases/tag/v0.5.1
Comfy-Org/ComfyUI,v0.6.0,v0.5.1,2025-12-24T03:32:16Z,ok,29,29,0,144.28,https://github.com/Comfy-Org/ComfyUI/releases/tag/v0.6.0
Comfy-Org/ComfyUI,v0.7.0,v0.6.0,2025-12-31T07:50:53Z,ok,18,18,0,170.35,https://github.com/Comfy-Org/ComfyUI/releases/tag/v0.7.0
Comfy-Org/ComfyUI,v0.8.0,v0.7.0,2026-01-07T10:34:18Z,ok,35,35,0,174.67,https://github.com/Comfy-Org/ComfyUI/releases/tag/v0.8.0
Comfy-Org/ComfyUI,v0.8.1,v0.8.0,2026-01-08T04:01:52Z,ok,12,12,0,18.22,https://github.com/Comfy-Org/ComfyUI/releases/tag/v0.8.1
Comfy-Org/ComfyUI,v0.8.2,v0.8.1,2026-01-08T06:00:20Z,ok,2,2,0,1.89,https://github.com/Comfy-Org/ComfyUI/releases/tag/v0.8.2
Comfy-Org/ComfyUI,v0.9.0,v0.8.2,2026-01-13T07:20:31Z,ok,32,32,0,121.64,https://github.com/Comfy-Org/ComfyUI/releases/tag/v0.9.0
Comfy-Org/ComfyUI,v0.9.1,v0.9.0,2026-01-13T07:33:55Z,ok,2,2,0,0.86,https://github.com/Comfy-Org/ComfyUI/releases/tag/v0.9.1
Comfy-Org/ComfyUI,v0.9.2,v0.9.1,2026-01-15T17:55:40Z,ok,19,19,0,49.42,https://github.com/Comfy-Org/ComfyUI/releases/tag/v0.9.2
Comfy-Org/ComfyUI,v0.10.0,v0.9.2,2026-01-21T19:22:04Z,ok,22,22,0,144.23,https://github.com/Comfy-Org/ComfyUI/releases/tag/v0.10.0
Comfy-Org/ComfyUI,v0.11.0,v0.10.0,2026-01-27T06:23:53Z,ok,46,46,0,170.1,https://github.com/Comfy-Org/ComfyUI/releases/tag/v0.11.0
Comfy-Org/ComfyUI,v0.11.1,v0.11.0,2026-01-29T07:52:21Z,ok,7,7,0,34.81,https://github.com/Comfy-Org/ComfyUI/releases/tag/v0.11.1
Comfy-Org/ComfyUI,v0.12.0,v0.11.1,2026-02-03T08:54:29Z,ok,27,27,0,103.74,https://github.com/Comfy-Org/ComfyUI/releases/tag/v0.12.0
Comfy-Org/ComfyUI,v0.12.1,v0.12.0,2026-02-03T21:27:07Z,ok,8,8,0,12.29,https://github.com/Comfy-Org/ComfyUI/releases/tag/v0.12.1
Comfy-Org/ComfyUI,v0.12.2,v0.12.1,2026-02-04T06:09:31Z,ok,4,4,0,6.13,https://github.com/Comfy-Org/ComfyUI/releases/tag/v0.12.2
Comfy-Org/ComfyUI,v0.12.3,v0.12.2,2026-02-05T07:04:07Z,ok,10,10,0,24.26,https://github.com/Comfy-Org/ComfyUI/releases/tag/v0.12.3
Comfy-Org/ComfyUI,v0.13.0,v0.12.3,2026-02-10T20:27:38Z,ok,25,25,0,134.17,https://github.com/Comfy-Org/ComfyUI/releases/tag/v0.13.0
Comfy-Org/ComfyUI,v0.14.0,v0.13.0,2026-02-17T06:29:10Z,ok,41,41,0,155.86,https://github.com/Comfy-Org/ComfyUI/releases/tag/v0.14.0
Comfy-Org/ComfyUI,v0.14.1,v0.14.0,2026-02-17T20:31:49Z,ok,5,5,0,4.58,https://github.com/Comfy-Org/ComfyUI/releases/tag/v0.14.1
Comfy-Org/ComfyUI,v0.14.2,v0.14.1,2026-02-18T06:12:02Z,ok,1,1,0,1.14,https://github.com/Comfy-Org/ComfyUI/releases/tag/v0.14.2
Comfy-Org/ComfyUI,v0.15.0,v0.14.2,2026-02-24T20:56:09Z,ok,39,39,0,168.4,https://github.com/Comfy-Org/ComfyUI/releases/tag/v0.15.0
Comfy-Org/ComfyUI,v0.15.1,v0.15.0,2026-02-26T22:01:35Z,ok,17,17,0,48.99,https://github.com/Comfy-Org/ComfyUI/releases/tag/v0.15.1
Comfy-Org/ComfyUI,v0.16.0,v0.15.1,2026-03-05T10:35:07Z,ok,48,48,0,156.38,https://github.com/Comfy-Org/ComfyUI/releases/tag/v0.16.0
Comfy-Org/ComfyUI,v0.16.1,v0.16.0,2026-03-05T17:07:27Z,ok,4,4,0,4.63,https://github.com/Comfy-Org/ComfyUI/releases/tag/v0.16.1
Comfy-Org/ComfyUI,v0.16.2,v0.16.1,2026-03-05T20:07:22Z,ok,5,5,0,3.05,https://github.com/Comfy-Org/ComfyUI/releases/tag/v0.16.2
Comfy-Org/ComfyUI,v0.16.3,v0.16.2,2026-03-05T23:18:25Z,ok,4,4,0,2.68,https://github.com/Comfy-Org/ComfyUI/releases/tag/v0.16.3
Comfy-Org/ComfyUI,v0.16.4,v0.16.3,2026-03-07T22:37:49Z,ok,9,9,0,43.77,https://github.com/Comfy-Org/ComfyUI/releases/tag/v0.16.4
Comfy-Org/ComfyUI,v0.17.0,v0.16.4,2026-03-13T01:33:15Z,ok,29,29,0,119.93,https://github.com/Comfy-Org/ComfyUI/releases/tag/v0.17.0
Comfy-Org/ComfyUI,v0.17.1,v0.17.0,2026-03-13T19:58:49Z,ok,2,2,0,1.46,https://github.com/Comfy-Org/ComfyUI/releases/tag/v0.17.1
Comfy-Org/ComfyUI,v0.17.2,v0.17.1,2026-03-15T02:28:33Z,ok,2,2,0,2.58,https://github.com/Comfy-Org/ComfyUI/releases/tag/v0.17.2
Comfy-Org/ComfyUI,v0.18.0,v0.17.2,2026-03-21T01:16:27Z,ok,53,53,0,188.98,https://github.com/Comfy-Org/ComfyUI/releases/tag/v0.18.0
Comfy-Org/ComfyUI,v0.18.1,v0.18.0,2026-03-23T16:58:47Z,ok,5,5,0,61.72,https://github.com/Comfy-Org/ComfyUI/releases/tag/v0.18.1
Comfy-Org/ComfyUI,v0.18.2,v0.18.1,2026-03-25T04:22:37Z,ok,3,3,0,7.92,https://github.com/Comfy-Org/ComfyUI/releases/tag/v0.18.2
Comfy-Org/ComfyUI,v0.19.0,v0.18.2,2026-04-13T07:50:34Z,ok,67,67,0,531.99,https://github.com/Comfy-Org/ComfyUI/releases/tag/v0.19.0
Comfy-Org/ComfyUI,v0.19.1,v0.19.0,2026-04-16T14:11:33Z,ok,9,9,0,65.55,https://github.com/Comfy-Org/ComfyUI/releases/tag/v0.19.1
Comfy-Org/ComfyUI,v0.19.2,v0.19.1,2026-04-17T15:34:59Z,ok,6,6,0,54.41,https://github.com/Comfy-Org/ComfyUI/releases/tag/v0.19.2
Comfy-Org/ComfyUI,v0.19.3,v0.19.2,2026-04-17T20:06:34Z,ok,6,6,0,3.77,https://github.com/Comfy-Org/ComfyUI/releases/tag/v0.19.3
Comfy-Org/ComfyUI,v0.20.1,v0.19.3,2026-04-27T21:53:26Z,ok,47,47,0,210.86,https://github.com/Comfy-Org/ComfyUI/releases/tag/v0.20.1
Comfy-Org/ComfyUI,v0.21.0,v0.20.1,2026-05-11T05:17:13Z,ok,107,107,0,317.55,https://github.com/Comfy-Org/ComfyUI/releases/tag/v0.21.0
Comfy-Org/ComfyUI,v0.21.1,v0.21.0,2026-05-13T21:08:45Z,ok,21,21,0,60.52,https://github.com/Comfy-Org/ComfyUI/releases/tag/v0.21.1
Comfy-Org/ComfyUI,v0.22.0,v0.21.1,2026-05-20T19:26:20Z,ok,41,41,0,160.75,https://github.com/Comfy-Org/ComfyUI/releases/tag/v0.22.0
Comfy-Org/ComfyUI,v0.23.0,v0.22.0,2026-06-01T17:56:51Z,ok,91,91,0,282.82,https://github.com/Comfy-Org/ComfyUI/releases/tag/v0.23.0
Comfy-Org/ComfyUI,v0.24.0,v0.23.0,2026-06-03T22:43:23Z,ok,16,16,0,49.13,https://github.com/Comfy-Org/ComfyUI/releases/tag/v0.24.0
Comfy-Org/ComfyUI,v0.25.0,v0.24.0,2026-06-16T17:05:41Z,ok,80,80,0,308.75,https://github.com/Comfy-Org/ComfyUI/releases/tag/v0.25.0
Comfy-Org/ComfyUI,v0.25.1,v0.25.0,2026-06-18T18:32:30Z,ok,2,2,0,18.63,https://github.com/Comfy-Org/ComfyUI/releases/tag/v0.25.1
Comfy-Org/ComfyUI,v0.26.0,v0.25.1,2026-06-23T18:47:38Z,ok,43,43,0,182.38,https://github.com/Comfy-Org/ComfyUI/releases/tag/v0.26.0
Comfy-Org/ComfyUI,v0.27.0,v0.26.0,2026-06-30T22:19:48Z,ok,29,29,0,155.95,https://github.com/Comfy-Org/ComfyUI/releases/tag/v0.27.0
Comfy-Org/ComfyUI,v0.28.0,v0.27.0,2026-07-15T15:37:18Z,ok,72,72,0,353.95,https://github.com/Comfy-Org/ComfyUI/releases/tag/v0.28.0
Comfy-Org/ComfyUI,v0.29.0,v0.28.0,2026-07-29T01:19:28Z,ok,53,53,0,329.93,https://github.com/Comfy-Org/ComfyUI/releases/tag/v0.29.0
Comfy-Org/ComfyUI,v0.29.2,v0.29.0,2026-07-31T06:56:45Z,ok,9,9,0,24.94,https://github.com/Comfy-Org/ComfyUI/releases/tag/v0.29.2
Comfy-Org/ComfyUI,v0.30.0,v0.29.2,2026-08-03T03:48:40Z,ok,46,46,0,126.78,https://github.com/Comfy-Org/ComfyUI/releases/tag/v0.30.0
Comfy-Org/ComfyUI,v0.31.0,v0.30.0,2026-08-08T03:10:59Z,ok,32,32,0,118.12,https://github.com/Comfy-Org/ComfyUI/releases/tag/v0.31.0
Comfy-Org/ComfyUI,v0.32.0,v0.31.0,2026-08-11T21:56:20Z,ok,24,24,0,91.7,https://github.com/Comfy-Org/ComfyUI/releases/tag/v0.32.0
Comfy-Org/ComfyUI,v0.33.1,v0.32.0,2026-08-13T22:18:34Z,ok,19,19,0,48.34,https://github.com/Comfy-Org/ComfyUI/releases/tag/v0.33.1
Comfy-Org/ComfyUI,v0.34.0,v0.33.1,2026-08-26T02:09:08Z,ok,56,56,0,294.36,https://github.com/Comfy-Org/ComfyUI/releases/tag/v0.34.0
Comfy-Org/ComfyUI,v0.35.0,v0.34.0,2026-09-09T19:55:08Z,ok,92,92,0,347.42,https://github.com/Comfy-Org/ComfyUI/releases/tag/v0.35.0
Comfy-Org/ComfyUI,v0.36.0,v0.35.0,2026-09-15T22:26:17Z,ok,45,45,0,161.29,https://github.com/Comfy-Org/ComfyUI/releases/tag/v0.36.0
Comfy-Org/ComfyUI,v0.37.0,v0.36.0,2026-09-21T07:35:01Z,ok,24,24,0,130.08,https://github.com/Comfy-Org/ComfyUI/releases/tag/v0.37.0
Comfy-Org/ComfyUI,v0.38.0,v0.37.0,2026-09-29T21:46:45Z,ok,59,59,0,222.28,https://github.com/Comfy-Org/ComfyUI/releases/tag/v0.38.0
D4Vinci/Scrapling,v0.3.7,v0.3.6,2025-10-12T04:35:58Z,ok,24,24,0,264.27,https://github.com/D4Vinci/Scrapling/releases/tag/v0.3.7
D4Vinci/Scrapling,v0.3.8,v0.3.7,2025-10-27T15:08:38Z,ok,20,20,0,290.88,https://github.com/D4Vinci/Scrapling/releases/tag/v0.3.8
D4Vinci/Scrapling,v0.3.9,v0.3.8,2025-11-17T01:38:58Z,ok,28,28,0,467.31,https://github.com/D4Vinci/Scrapling/releases/tag/v0.3.9
D4Vinci/Scrapling,v0.3.10,v0.3.9,2025-11-26T17:49:35Z,ok,25,25,0,171.43,https://github.com/D4Vinci/Scrapling/releases/tag/v0.3.10
D4Vinci/Scrapling,v0.3.11,v0.3.10,2025-12-03T01:53:02Z,ok,5,5,0,25.62,https://github.com/D4Vinci/Scrapling/releases/tag/v0.3.11
D4Vinci/Scrapling,v0.3.12,v0.3.11,2025-12-18T00:21:53Z,ok,14,14,0,238.77,https://github.com/D4Vinci/Scrapling/releases/tag/v0.3.12
D4Vinci/Scrapling,v0.3.13,v0.3.12,2026-01-01T20:07:13Z,ok,51,51,0,192.54,https://github.com/D4Vinci/Scrapling/releases/tag/v0.3.13
D4Vinci/Scrapling,v0.3.14,v0.3.13,2026-01-03T20:29:30Z,ok,5,5,0,20.68,https://github.com/D4Vinci/Scrapling/releases/tag/v0.3.14
D4Vinci/Scrapling,v0.4,v0.3.14,2026-02-15T05:13:39Z,ok,142,142,0,918.36,https://github.com/D4Vinci/Scrapling/releases/tag/v0.4
D4Vinci/Scrapling,v0.4.1,v0.4,2026-02-27T04:12:56Z,ok,46,46,0,286.94,https://github.com/D4Vinci/Scrapling/releases/tag/v0.4.1
D4Vinci/Scrapling,v0.4.2,v0.4.1,2026-03-08T23:37:38Z,ok,60,60,0,235.29,https://github.com/D4Vinci/Scrapling/releases/tag/v0.4.2
D4Vinci/Scrapling,v0.4.3,v0.4.2,2026-03-30T03:50:58Z,ok,86,86,0,461.75,https://github.com/D4Vinci/Scrapling/releases/tag/v0.4.3
D4Vinci/Scrapling,v0.4.4,v0.4.3,2026-04-05T03:37:22Z,ok,34,34,0,84.01,https://github.com/D4Vinci/Scrapling/releases/tag/v0.4.4
D4Vinci/Scrapling,v0.4.5,v0.4.4,2026-04-07T04:22:07Z,ok,13,13,0,93.28,https://github.com/D4Vinci/Scrapling/releases/tag/v0.4.5
D4Vinci/Scrapling,v0.4.6,v0.4.5,2026-04-13T13:36:47Z,ok,20,20,0,122.2,https://github.com/D4Vinci/Scrapling/releases/tag/v0.4.6
D4Vinci/Scrapling,v0.4.7,v0.4.6,2026-04-17T21:09:58Z,ok,21,21,0,87.87,https://github.com/D4Vinci/Scrapling/releases/tag/v0.4.7
D4Vinci/Scrapling,v0.4.8,v0.4.7,2026-05-11T02:00:00Z,ok,37,37,0,444.48,https://github.com/D4Vinci/Scrapling/releases/tag/v0.4.8
D4Vinci/Scrapling,v0.4.9,v0.4.8,2026-06-07T18:42:12Z,ok,39,39,0,654.01,https://github.com/D4Vinci/Scrapling/releases/tag/v0.4.9
D4Vinci/Scrapling,v0.4.10,v0.4.9,2026-07-04T19:18:58Z,ok,35,35,0,497.48,https://github.com/D4Vinci/Scrapling/releases/tag/v0.4.10
D4Vinci/Scrapling,v0.4.11,v0.4.10,2026-07-12T19:47:29Z,ok,19,19,0,192.35,https://github.com/D4Vinci/Scrapling/releases/tag/v0.4.11
D4Vinci/Scrapling,v0.4.12,v0.4.11,2026-07-26T20:23:36Z,ok,25,25,0,319.44,https://github.com/D4Vinci/Scrapling/releases/tag/v0.4.12
D4Vinci/Scrapling,v0.4.13,v0.4.12,2026-08-09T19:06:50Z,ok,21,21,0,321.53,https://github.com/D4Vinci/Scrapling/releases/tag/v0.4.13
D4Vinci/Scrapling,v0.4.14,v0.4.13,2026-08-10T22:27:19Z,ok,7,7,0,0.95,https://github.com/D4Vinci/Scrapling/releases/tag/v0.4.14
D4Vinci/Scrapling,v0.4.15,v0.4.14,2026-08-23T19:43:24Z,ok,29,29,0,279.68,https://github.com/D4Vinci/Scrapling/releases/tag/v0.4.15
DietrichGebert/ponytail,v1.0.0,,2026-06-12T02:43:54Z,sem_anterior,,0,0,,https://github.com/DietrichGebert/ponytail/releases/tag/v1.0.0
DietrichGebert/ponytail,v4.0.0,v1.0.0,2026-06-12T10:56:31Z,ok,6,6,0,0.75,https://github.com/DietrichGebert/ponytail/releases/tag/v4.0.0
DietrichGebert/ponytail,v4.1.0,v4.0.0,2026-06-12T16:00:10Z,ok,9,9,0,3.89,https://github.com/DietrichGebert/ponytail/releases/tag/v4.1.0
DietrichGebert/ponytail,v4.2.0,v4.1.0,2026-06-13T01:28:48Z,ok,4,4,0,1.76,https://github.com/DietrichGebert/ponytail/releases/tag/v4.2.0
DietrichGebert/ponytail,v4.3.0,v4.2.0,2026-06-14T22:04:11Z,ok,15,15,0,44.34,https://github.com/DietrichGebert/ponytail/releases/tag/v4.3.0
DietrichGebert/ponytail,v4.4.0,v4.3.0,2026-06-15T01:06:23Z,ok,7,7,0,1.06,https://github.com/DietrichGebert/ponytail/releases/tag/v4.4.0
DietrichGebert/ponytail,v4.5.0,v4.4.0,2026-06-15T09:50:59Z,ok,6,6,0,0.8,https://github.com/DietrichGebert/ponytail/releases/tag/v4.5.0
DietrichGebert/ponytail,v4.6.0,v4.5.0,2026-06-15T14:39:26Z,ok,4,4,0,1.2,https://github.com/DietrichGebert/ponytail/releases/tag/v4.6.0
DietrichGebert/ponytail,v4.7.0,v4.6.0,2026-06-16T11:56:54Z,ok,4,4,0,20.87,https://github.com/DietrichGebert/ponytail/releases/tag/v4.7.0
DietrichGebert/ponytail,v4.8.0,v4.7.0,2026-06-23T00:52:07Z,ok,44,44,0,152.8,https://github.com/DietrichGebert/ponytail/releases/tag/v4.8.0
DietrichGebert/ponytail,v4.8.1,v4.8.0,2026-06-23T16:29:54Z,ok,1,1,0,0.02,https://github.com/DietrichGebert/ponytail/releases/tag/v4.8.1
DietrichGebert/ponytail,v4.8.2,v4.8.1,2026-06-24T02:27:30Z,ok,15,15,0,8.37,https://github.com/DietrichGebert/ponytail/releases/tag/v4.8.2
DietrichGebert/ponytail,v4.8.3,v4.8.2,2026-06-24T02:38:23Z,ok,4,4,0,1.13,https://github.com/DietrichGebert/ponytail/releases/tag/v4.8.3
DietrichGebert/ponytail,v4.8.4,v4.8.3,2026-06-29T05:26:41Z,ok,24,24,0,321.48,https://github.com/DietrichGebert/ponytail/releases/tag/v4.8.4
DietrichGebert/ponytail,v4.9.0,v4.8.4,2026-08-07T21:15:11Z,ok,54,54,0,934.9,https://github.com/DietrichGebert/ponytail/releases/tag/v4.9.0
DietrichGebert/ponytail,v4.10.0,v4.9.0,2026-09-14T14:38:56Z,ok,17,17,0,905.07,https://github.com/DietrichGebert/ponytail/releases/tag/v4.10.0
DietrichGebert/ponytail,v4.10.1,v4.10.0,2026-10-02T15:11:38Z,ok,3,3,0,432.62,https://github.com/DietrichGebert/ponytail/releases/tag/v4.10.1
Egonex-AI/Understand-Anything,v1.2.0,,2026-03-25T03:20:30Z,sem_anterior,,0,0,,https://github.com/Egonex-AI/Understand-Anything/releases/tag/v1.2.0
Egonex-AI/Understand-Anything,v1.3.0,v1.2.0,2026-03-28T08:49:06Z,ok,59,59,0,118.98,https://github.com/Egonex-AI/Understand-Anything/releases/tag/v1.3.0
Egonex-AI/Understand-Anything,v2.0.0,v1.3.0,2026-03-28T15:33:47Z,ok,28,28,0,6.57,https://github.com/Egonex-AI/Understand-Anything/releases/tag/v2.0.0
Egonex-AI/Understand-Anything,v2.1.0,v2.0.0,2026-04-03T02:54:44Z,ok,56,56,0,134.14,https://github.com/Egonex-AI/Understand-Anything/releases/tag/v2.1.0
Egonex-AI/Understand-Anything,v2.3.1,v2.1.0,2026-04-12T07:25:39Z,ok,46,46,0,219.61,https://github.com/Egonex-AI/Understand-Anything/releases/tag/v2.3.1
Egonex-AI/Understand-Anything,v2.5.0,v2.3.1,2026-05-04T01:58:21Z,ok,115,115,0,520.6,https://github.com/Egonex-AI/Understand-Anything/releases/tag/v2.5.0
Egonex-AI/Understand-Anything,v2.7.3,v2.5.0,2026-05-19T07:13:36Z,ok,66,66,0,363.4,https://github.com/Egonex-AI/Understand-Anything/releases/tag/v2.7.3
Egonex-AI/Understand-Anything,v2.9.0,v2.7.3,2026-07-10T09:36:42Z,ok,175,175,0,1486.36,https://github.com/Egonex-AI/Understand-Anything/releases/tag/v2.9.0
farion1231/cc-switch,v3.4.0,v3.3.1,2025-10-02T02:10:32Z,ok,23,23,0,216.14,https://github.com/farion1231/cc-switch/releases/tag/v3.4.0
farion1231/cc-switch,v3.5.0,v3.4.0,2025-10-13T01:25:55Z,ok,62,62,0,251.19,https://github.com/farion1231/cc-switch/releases/tag/v3.5.0
farion1231/cc-switch,v3.5.1,v3.5.0,2025-10-14T02:46:50Z,ok,7,7,0,23.27,https://github.com/farion1231/cc-switch/releases/tag/v3.5.1
farion1231/cc-switch,v3.6.0,v3.5.1,2025-11-07T08:38:56Z,ok,178,178,0,559.39,https://github.com/farion1231/cc-switch/releases/tag/v3.6.0
farion1231/cc-switch,v3.6.1,v3.6.0,2025-11-10T13:33:05Z,ok,18,18,0,71.46,https://github.com/farion1231/cc-switch/releases/tag/v3.6.1
farion1231/cc-switch,v3.6.2,v3.6.1,2025-11-11T16:11:18Z,ok,3,3,0,13.13,https://github.com/farion1231/cc-switch/releases/tag/v3.6.2
farion1231/cc-switch,v3.7.0,v3.6.2,2025-11-19T04:51:18Z,ok,65,65,0,170.06,https://github.com/farion1231/cc-switch/releases/tag/v3.7.0
farion1231/cc-switch,v3.7.1,v3.7.0,2025-11-22T09:09:47Z,ok,11,11,0,69.96,https://github.com/farion1231/cc-switch/releases/tag/v3.7.1
farion1231/cc-switch,v3.8.0,v3.7.1,2025-11-28T15:08:45Z,ok,56,56,0,147.84,https://github.com/farion1231/cc-switch/releases/tag/v3.8.0
farion1231/cc-switch,v3.8.1,v3.8.0,2025-12-01T03:46:46Z,ok,16,16,0,49.29,https://github.com/farion1231/cc-switch/releases/tag/v3.8.1
farion1231/cc-switch,v3.8.2,v3.8.1,2025-12-01T14:50:05Z,ok,3,3,0,6.78,https://github.com/farion1231/cc-switch/releases/tag/v3.8.2
farion1231/cc-switch,v3.8.3,v3.8.2,2025-12-24T07:32:27Z,ok,21,21,0,456.59,https://github.com/farion1231/cc-switch/releases/tag/v3.8.3
farion1231/cc-switch,v3.9.0,v3.8.3,2026-01-08T05:00:37Z,ok,148,148,0,891.01,https://github.com/farion1231/cc-switch/releases/tag/v3.9.0
farion1231/cc-switch,v3.9.1,v3.9.0,2026-01-09T14:11:17Z,ok,15,15,0,395.07,https://github.com/farion1231/cc-switch/releases/tag/v3.9.1
farion1231/cc-switch,v3.10.0,v3.9.1,2026-01-22T03:02:16Z,ok,89,89,0,713.85,https://github.com/farion1231/cc-switch/releases/tag/v3.10.0
farion1231/cc-switch,v3.10.1,v3.10.0,2026-01-23T02:51:44Z,ok,11,11,0,22.89,https://github.com/farion1231/cc-switch/releases/tag/v3.10.1
farion1231/cc-switch,v3.10.2,v3.10.1,2026-01-24T14:28:33Z,ok,6,6,0,27.25,https://github.com/farion1231/cc-switch/releases/tag/v3.10.2
farion1231/cc-switch,v3.10.3,v3.10.2,2026-01-31T13:36:20Z,ok,38,38,0,166.07,https://github.com/farion1231/cc-switch/releases/tag/v3.10.3
farion1231/cc-switch,v3.11.0,v3.10.3,2026-02-26T15:24:57Z,ok,148,148,0,612.05,https://github.com/farion1231/cc-switch/releases/tag/v3.11.0
farion1231/cc-switch,v3.11.1,v3.11.0,2026-02-28T08:23:34Z,ok,9,9,0,40.34,https://github.com/farion1231/cc-switch/releases/tag/v3.11.1
farion1231/cc-switch,v3.12.0,v3.11.1,2026-03-09T14:00:54Z,ok,60,60,0,178.51,https://github.com/farion1231/cc-switch/releases/tag/v3.12.0
farion1231/cc-switch,v3.12.1,v3.12.0,2026-03-11T16:26:25Z,ok,20,20,0,49.31,https://github.com/farion1231/cc-switch/releases/tag/v3.12.1
farion1231/cc-switch,v3.12.2,v3.12.1,2026-03-12T16:02:53Z,ok,6,6,0,7.95,https://github.com/farion1231/cc-switch/releases/tag/v3.12.2
farion1231/cc-switch,v3.12.3,v3.12.2,2026-03-24T07:44:08Z,ok,37,37,0,238.4,https://github.com/farion1231/cc-switch/releases/tag/v3.12.3
farion1231/cc-switch,v3.13.0,v3.12.3,2026-04-10T16:14:18Z,ok,141,141,0,414.46,https://github.com/farion1231/cc-switch/releases/tag/v3.13.0
farion1231/cc-switch,v3.14.0,v3.13.0,2026-04-22T06:52:46Z,ok,106,106,0,267.15,https://github.com/farion1231/cc-switch/releases/tag/v3.14.0
farion1231/cc-switch,v3.14.1,v3.14.0,2026-04-23T13:41:33Z,ok,14,14,0,22.36,https://github.com/farion1231/cc-switch/releases/tag/v3.14.1
farion1231/cc-switch,v3.15.0,v3.14.1,2026-05-16T03:42:43Z,ok,128,128,0,527.88,https://github.com/farion1231/cc-switch/releases/tag/v3.15.0
farion1231/cc-switch,v3.16.0,v3.15.0,2026-05-29T16:20:13Z,ok,103,103,0,323.01,https://github.com/farion1231/cc-switch/releases/tag/v3.16.0
farion1231/cc-switch,v3.16.1,v3.16.0,2026-06-01T12:51:32Z,ok,24,24,0,57.03,https://github.com/farion1231/cc-switch/releases/tag/v3.16.1
farion1231/cc-switch,v3.16.2,v3.16.1,2026-06-08T15:53:00Z,ok,46,46,0,169.86,https://github.com/farion1231/cc-switch/releases/tag/v3.16.2
farion1231/cc-switch,v3.16.3,v3.16.2,2026-06-14T16:48:50Z,ok,60,60,0,1198.14,https://github.com/farion1231/cc-switch/releases/tag/v3.16.3
farion1231/cc-switch,v3.16.4,v3.16.3,2026-06-27T05:14:41Z,ok,57,57,0,290.95,https://github.com/farion1231/cc-switch/releases/tag/v3.16.4
farion1231/cc-switch,v3.16.5,v3.16.4,2026-07-01T16:17:54Z,ok,39,39,0,106.76,https://github.com/farion1231/cc-switch/releases/tag/v3.16.5
farion1231/cc-switch,v3.17.0,v3.16.5,2026-07-13T16:05:55Z,ok,71,71,0,265.85,https://github.com/farion1231/cc-switch/releases/tag/v3.17.0
farion1231/cc-switch,v3.18.0,v3.17.0,2026-07-21T15:34:53Z,ok,54,54,0,179.69,https://github.com/farion1231/cc-switch/releases/tag/v3.18.0
farion1231/cc-switch,v3.19.0,v3.18.0,2026-07-30T04:27:46Z,ok,41,41,0,192.23,https://github.com/farion1231/cc-switch/releases/tag/v3.19.0
farion1231/cc-switch,v3.19.1,v3.19.0,2026-07-31T14:53:23Z,ok,14,14,0,30.89,https://github.com/farion1231/cc-switch/releases/tag/v3.19.1
farion1231/cc-switch,v3.19.2,v3.19.1,2026-08-06T04:39:34Z,ok,26,26,0,122.17,https://github.com/farion1231/cc-switch/releases/tag/v3.19.2
farion1231/cc-switch,v3.20.0,v3.19.2,2026-08-18T09:11:14Z,ok,72,72,0,288.87,https://github.com/farion1231/cc-switch/releases/tag/v3.20.0
farion1231/cc-switch,v3.20.1,v3.20.0,2026-08-28T00:43:03Z,ok,28,28,0,231.25,https://github.com/farion1231/cc-switch/releases/tag/v3.20.1
farion1231/cc-switch,v3.20.2,v3.20.1,2026-09-07T14:25:28Z,ok,54,54,0,263.55,https://github.com/farion1231/cc-switch/releases/tag/v3.20.2
farion1231/cc-switch,v3.20.3,v3.20.2,2026-09-11T16:10:52Z,ok,24,24,0,55.1,https://github.com/farion1231/cc-switch/releases/tag/v3.20.3
farion1231/cc-switch,v3.20.4,v3.20.3,2026-09-22T14:42:23Z,ok,48,48,0,242.25,https://github.com/farion1231/cc-switch/releases/tag/v3.20.4
fatedier/frp,v0.66.0,v0.65.0,2026-01-04T07:04:03Z,ok,19,19,0,2402.63,https://github.com/fatedier/frp/releases/tag/v0.66.0
fatedier/frp,v0.67.0,v0.66.0,2026-01-31T06:12:29Z,ok,13,13,0,546.3,https://github.com/fatedier/frp/releases/tag/v0.67.0
fatedier/frp,v0.68.0,v0.67.0,2026-03-20T06:05:18Z,ok,44,44,0,1057.16,https://github.com/fatedier/frp/releases/tag/v0.68.0
fatedier/frp,v0.68.1,v0.68.0,2026-04-13T17:37:42Z,ok,13,13,0,587.05,https://github.com/fatedier/frp/releases/tag/v0.68.1
fatedier/frp,v0.69.0,v0.68.1,2026-05-21T17:11:56Z,ok,10,10,0,600.92,https://github.com/fatedier/frp/releases/tag/v0.69.0
fatedier/frp,v0.69.1,v0.69.0,2026-06-01T10:17:17Z,ok,6,6,0,96.17,https://github.com/fatedier/frp/releases/tag/v0.69.1
fatedier/frp,v0.70.0,v0.69.1,2026-07-11T11:36:05Z,ok,24,24,0,959.49,https://github.com/fatedier/frp/releases/tag/v0.70.0
fatedier/frp,v0.70.1,v0.70.0,2026-07-23T07:55:25Z,ok,14,14,0,281.18,https://github.com/fatedier/frp/releases/tag/v0.70.1
fatedier/frp,v0.71.0,v0.70.1,2026-08-14T06:36:29Z,ok,24,24,0,520.56,https://github.com/fatedier/frp/releases/tag/v0.71.0
gohugoio/hugo,v0.151.0,v0.150.1,2025-10-02T13:54:48Z,ok,22,22,0,466.59,https://github.com/gohugoio/hugo/releases/tag/v0.151.0
gohugoio/hugo,v0.151.1,v0.151.0,2025-10-15T15:24:31Z,ok,14,14,0,313.65,https://github.com/gohugoio/hugo/releases/tag/v0.151.1
gohugoio/hugo,v0.151.2,v0.151.1,2025-10-16T17:26:28Z,ok,5,5,0,26.33,https://github.com/gohugoio/hugo/releases/tag/v0.151.2
gohugoio/hugo,v0.152.0,v0.151.2,2025-10-21T16:54:23Z,ok,12,12,0,119.81,https://github.com/gohugoio/hugo/releases/tag/v0.152.0
gohugoio/hugo,v0.152.1,v0.152.0,2025-10-22T19:27:43Z,ok,7,7,0,26.73,https://github.com/gohugoio/hugo/releases/tag/v0.152.1
gohugoio/hugo,v0.152.2,v0.152.1,2025-10-24T15:47:22Z,ok,5,5,0,44.37,https://github.com/gohugoio/hugo/releases/tag/v0.152.2
gohugoio/hugo,v0.153.0,v0.152.2,2025-12-19T11:46:28Z,ok,124,124,0,5633.11,https://github.com/gohugoio/hugo/releases/tag/v0.153.0
gohugoio/hugo,v0.153.1,v0.153.0,2025-12-20T15:42:45Z,ok,7,7,0,29.12,https://github.com/gohugoio/hugo/releases/tag/v0.153.1
gohugoio/hugo,v0.153.2,v0.153.1,2025-12-22T18:25:24Z,ok,5,5,0,50.78,https://github.com/gohugoio/hugo/releases/tag/v0.153.2
gohugoio/hugo,v0.153.3,v0.153.2,2025-12-26T16:38:54Z,ok,4,4,0,95.39,https://github.com/gohugoio/hugo/releases/tag/v0.153.3
gohugoio/hugo,v0.153.4,v0.153.3,2025-12-28T21:58:12Z,ok,3,3,0,53.41,https://github.com/gohugoio/hugo/releases/tag/v0.153.4
gohugoio/hugo,v0.153.5,v0.153.4,2025-12-30T10:48:25Z,ok,5,5,0,36.88,https://github.com/gohugoio/hugo/releases/tag/v0.153.5
gohugoio/hugo,v0.154.0,v0.153.5,2025-12-31T14:25:22Z,ok,12,12,0,222.4,https://github.com/gohugoio/hugo/releases/tag/v0.154.0
gohugoio/hugo,v0.154.1,v0.154.0,2026-01-01T17:53:52Z,ok,4,4,0,28.74,https://github.com/gohugoio/hugo/releases/tag/v0.154.1
gohugoio/hugo,v0.154.2,v0.154.1,2026-01-02T16:52:23Z,ok,5,5,0,23.0,https://github.com/gohugoio/hugo/releases/tag/v0.154.2
gohugoio/hugo,v0.154.3,v0.154.2,2026-01-06T17:16:58Z,ok,3,3,0,96.77,https://github.com/gohugoio/hugo/releases/tag/v0.154.3
gohugoio/hugo,v0.154.4,v0.154.3,2026-01-10T16:30:41Z,ok,5,5,0,95.66,https://github.com/gohugoio/hugo/releases/tag/v0.154.4
gohugoio/hugo,v0.154.5,v0.154.4,2026-01-11T21:18:01Z,ok,5,5,0,29.5,https://github.com/gohugoio/hugo/releases/tag/v0.154.5
gohugoio/hugo,v0.155.0,v0.154.5,2026-01-28T17:29:04Z,ok,47,47,0,404.24,https://github.com/gohugoio/hugo/releases/tag/v0.155.0
gohugoio/hugo,v0.155.1,v0.155.0,2026-01-30T10:36:30Z,ok,8,8,0,41.76,https://github.com/gohugoio/hugo/releases/tag/v0.155.1
gohugoio/hugo,v0.155.2,v0.155.1,2026-02-02T10:41:52Z,ok,4,4,0,72.15,https://github.com/gohugoio/hugo/releases/tag/v0.155.2
gohugoio/hugo,v0.155.3,v0.155.2,2026-02-08T17:06:13Z,ok,6,6,0,150.64,https://github.com/gohugoio/hugo/releases/tag/v0.155.3
gohugoio/hugo,v0.156.0,v0.155.3,2026-02-18T17:21:05Z,ok,42,42,0,7238.65,https://github.com/gohugoio/hugo/releases/tag/v0.156.0
gohugoio/hugo,v0.157.0,v0.156.0,2026-02-25T17:00:45Z,ok,19,19,0,168.04,https://github.com/gohugoio/hugo/releases/tag/v0.157.0
gohugoio/hugo,v0.158.0,v0.157.0,2026-03-16T18:07:38Z,ok,35,35,0,457.16,https://github.com/gohugoio/hugo/releases/tag/v0.158.0
gohugoio/hugo,v0.159.0,v0.158.0,2026-03-23T18:36:09Z,ok,22,22,0,168.66,https://github.com/gohugoio/hugo/releases/tag/v0.159.0
gohugoio/hugo,v0.159.1,v0.159.0,2026-03-26T10:18:33Z,ok,4,4,0,63.73,https://github.com/gohugoio/hugo/releases/tag/v0.159.1
gohugoio/hugo,v0.159.2,v0.159.1,2026-04-01T14:42:10Z,ok,7,7,0,148.48,https://github.com/gohugoio/hugo/releases/tag/v0.159.2
gohugoio/hugo,v0.160.0,v0.159.2,2026-04-04T14:17:16Z,ok,13,13,0,268.11,https://github.com/gohugoio/hugo/releases/tag/v0.160.0
gohugoio/hugo,v0.160.1,v0.160.0,2026-04-08T14:23:31Z,ok,9,9,0,96.5,https://github.com/gohugoio/hugo/releases/tag/v0.160.1
gohugoio/hugo,v0.161.0,v0.160.1,2026-04-28T13:55:11Z,ok,49,49,0,821.53,https://github.com/gohugoio/hugo/releases/tag/v0.161.0
gohugoio/hugo,v0.161.1,v0.161.0,2026-04-29T14:38:49Z,ok,6,6,0,26.51,https://github.com/gohugoio/hugo/releases/tag/v0.161.1
gohugoio/hugo,v0.162.0,v0.161.1,2026-05-26T14:16:07Z,ok,61,61,0,3502.78,https://github.com/gohugoio/hugo/releases/tag/v0.162.0
gohugoio/hugo,v0.162.1,v0.162.0,2026-05-28T18:06:06Z,ok,6,6,0,47.28,https://github.com/gohugoio/hugo/releases/tag/v0.162.1
gohugoio/hugo,v0.163.0,v0.162.1,2026-06-08T14:36:18Z,ok,26,26,0,338.3,https://github.com/gohugoio/hugo/releases/tag/v0.163.0
gohugoio/hugo,v0.163.1,v0.163.0,2026-06-11T17:19:53Z,ok,8,8,0,74.73,https://github.com/gohugoio/hugo/releases/tag/v0.163.1
gohugoio/hugo,v0.163.2,v0.163.1,2026-06-15T15:27:33Z,ok,4,4,0,168.89,https://github.com/gohugoio/hugo/releases/tag/v0.163.2
gohugoio/hugo,v0.163.3,v0.163.2,2026-06-18T16:41:48Z,ok,8,8,0,73.4,https://github.com/gohugoio/hugo/releases/tag/v0.163.3
gohugoio/hugo,v0.164.0,v0.163.3,2026-07-06T17:48:54Z,ok,28,28,0,654.18,https://github.com/gohugoio/hugo/releases/tag/v0.164.0
gohugoio/hugo,v0.165.0,v0.164.0,2026-08-12T15:39:00Z,ok,45,45,0,885.85,https://github.com/gohugoio/hugo/releases/tag/v0.165.0
gohugoio/hugo,v0.166.0,v0.165.0,2026-09-09T15:10:02Z,ok,61,61,0,672.37,https://github.com/gohugoio/hugo/releases/tag/v0.166.0
gohugoio/hugo,v0.167.0,v0.166.0,2026-09-28T15:20:52Z,ok,49,49,0,456.22,https://github.com/gohugoio/hugo/releases/tag/v0.167.0
Graphify-Labs/graphify,v1.0.0,,2026-04-05T21:45:38Z,sem_anterior,,0,0,,https://github.com/Graphify-Labs/graphify/releases/tag/v1.0.0
Graphify-Labs/graphify,v0.2.0,v1.0.0,2026-04-06T00:07:33Z,ok,8,8,0,2.32,https://github.com/Graphify-Labs/graphify/releases/tag/v0.2.0
Graphify-Labs/graphify,v0.3.0,v0.2.0,2026-04-06T14:30:15Z,ok,22,22,0,14.52,https://github.com/Graphify-Labs/graphify/releases/tag/v0.3.0
Graphify-Labs/graphify,v0.3.1,v0.3.0,2026-04-06T21:25:28Z,ok,44,44,0,51.65,https://github.com/Graphify-Labs/graphify/releases/tag/v0.3.1
Graphify-Labs/graphify,v0.3.2,v0.3.1,2026-04-07T08:59:24Z,ok,6,6,0,11.4,https://github.com/Graphify-Labs/graphify/releases/tag/v0.3.2
Graphify-Labs/graphify,v0.3.3,v0.3.2,2026-04-07T10:30:23Z,ok,4,4,0,0.95,https://github.com/Graphify-Labs/graphify/releases/tag/v0.3.3
Graphify-Labs/graphify,v0.3.4,v0.3.3,2026-04-07T10:55:13Z,ok,1,1,0,0.01,https://github.com/Graphify-Labs/graphify/releases/tag/v0.3.4
Graphify-Labs/graphify,v0.3.5,v0.3.4,2026-04-07T11:38:22Z,ok,1,1,0,0.01,https://github.com/Graphify-Labs/graphify/releases/tag/v0.3.5
Graphify-Labs/graphify,v0.3.6,v0.3.5,2026-04-07T11:57:43Z,ok,1,1,0,0.06,https://github.com/Graphify-Labs/graphify/releases/tag/v0.3.6
Graphify-Labs/graphify,v0.3.7,v0.3.6,2026-04-07T15:07:19Z,ok,0,0,0,,https://github.com/Graphify-Labs/graphify/releases/tag/v0.3.7
Graphify-Labs/graphify,v0.3.8,v0.3.7,2026-04-07T19:06:02Z,ok,0,0,0,,https://github.com/Graphify-Labs/graphify/releases/tag/v0.3.8
Graphify-Labs/graphify,v0.3.9,v0.3.8,2026-04-07T19:17:20Z,ok,0,0,0,,https://github.com/Graphify-Labs/graphify/releases/tag/v0.3.9
Graphify-Labs/graphify,v0.3.10,v0.3.9,2026-04-07T20:20:23Z,ok,4,4,0,0.99,https://github.com/Graphify-Labs/graphify/releases/tag/v0.3.10
Graphify-Labs/graphify,v0.3.11,v0.3.10,2026-04-07T21:37:23Z,ok,1,1,0,0.01,https://github.com/Graphify-Labs/graphify/releases/tag/v0.3.11
Graphify-Labs/graphify,v0.3.12,v0.3.11,2026-04-08T08:41:20Z,ok,1,1,0,0.02,https://github.com/Graphify-Labs/graphify/releases/tag/v0.3.12
Graphify-Labs/graphify,v0.3.13,v0.3.12,2026-04-08T18:21:31Z,ok,2,2,0,0.32,https://github.com/Graphify-Labs/graphify/releases/tag/v0.3.13
Graphify-Labs/graphify,v0.3.14,v0.3.13,2026-04-08T18:30:18Z,ok,1,1,0,0.01,https://github.com/Graphify-Labs/graphify/releases/tag/v0.3.14
Graphify-Labs/graphify,v0.3.15,v0.3.14,2026-04-08T19:00:49Z,ok,9,9,0,0.35,https://github.com/Graphify-Labs/graphify/releases/tag/v0.3.15
Graphify-Labs/graphify,v0.3.16,v0.3.15,2026-04-08T22:04:42Z,ok,4,4,0,2.98,https://github.com/Graphify-Labs/graphify/releases/tag/v0.3.16
Graphify-Labs/graphify,v0.3.17,v0.3.16,2026-04-08T22:04:43Z,ok,0,0,0,,https://github.com/Graphify-Labs/graphify/releases/tag/v0.3.17
Graphify-Labs/graphify,v0.3.18,v0.3.17,2026-04-09T07:24:44Z,ok,5,5,0,7.18,https://github.com/Graphify-Labs/graphify/releases/tag/v0.3.18
Graphify-Labs/graphify,v0.3.19,v0.3.18,2026-04-09T07:47:02Z,ok,2,2,0,0.11,https://github.com/Graphify-Labs/graphify/releases/tag/v0.3.19
Graphify-Labs/graphify,v0.3.20,v0.3.19,2026-04-09T08:37:21Z,ok,5,5,0,0.7,https://github.com/Graphify-Labs/graphify/releases/tag/v0.3.20
Graphify-Labs/graphify,v0.3.21,v0.3.20,2026-04-09T13:13:14Z,ok,1,1,0,0.01,https://github.com/Graphify-Labs/graphify/releases/tag/v0.3.21
Graphify-Labs/graphify,v0.3.22,v0.3.21,2026-04-09T16:20:21Z,ok,2,2,0,2.57,https://github.com/Graphify-Labs/graphify/releases/tag/v0.3.22
Graphify-Labs/graphify,v0.3.23,v0.3.22,2026-04-09T16:41:25Z,ok,2,2,0,0.26,https://github.com/Graphify-Labs/graphify/releases/tag/v0.3.23
Graphify-Labs/graphify,v0.3.24,v0.3.23,2026-04-09T16:59:52Z,ok,3,3,0,0.25,https://github.com/Graphify-Labs/graphify/releases/tag/v0.3.24
Graphify-Labs/graphify,v0.3.25,v0.3.24,2026-04-09T23:53:14Z,ok,2,2,0,2.12,https://github.com/Graphify-Labs/graphify/releases/tag/v0.3.25
Graphify-Labs/graphify,v0.3.26,v0.3.25,2026-04-10T00:08:25Z,ok,2,2,0,0.2,https://github.com/Graphify-Labs/graphify/releases/tag/v0.3.26
Graphify-Labs/graphify,v0.3.27,v0.3.26,2026-04-10T00:28:24Z,ok,2,2,0,0.31,https://github.com/Graphify-Labs/graphify/releases/tag/v0.3.27
Graphify-Labs/graphify,v0.3.28,v0.3.27,2026-04-10T09:07:31Z,ok,3,3,0,8.64,https://github.com/Graphify-Labs/graphify/releases/tag/v0.3.28
Graphify-Labs/graphify,v0.4.0,v0.3.28,2026-04-10T15:02:22Z,ok,49,49,0,44.38,https://github.com/Graphify-Labs/graphify/releases/tag/v0.4.0
Graphify-Labs/graphify,v0.4.1,v0.4.0,2026-04-10T17:44:20Z,ok,5,5,0,2.61,https://github.com/Graphify-Labs/graphify/releases/tag/v0.4.1
Graphify-Labs/graphify,v0.4.2,v0.4.1,2026-04-11T19:53:50Z,ok,55,55,0,73.24,https://github.com/Graphify-Labs/graphify/releases/tag/v0.4.2
Graphify-Labs/graphify,v0.4.3,v0.4.2,2026-04-12T11:59:37Z,ok,4,4,0,15.87,https://github.com/Graphify-Labs/graphify/releases/tag/v0.4.3
Graphify-Labs/graphify,v0.4.4,v0.4.3,2026-04-12T17:38:23Z,ok,2,2,0,5.59,https://github.com/Graphify-Labs/graphify/releases/tag/v0.4.4
Graphify-Labs/graphify,v0.4.5,v0.4.4,2026-04-12T17:48:53Z,ok,1,1,0,0.01,https://github.com/Graphify-Labs/graphify/releases/tag/v0.4.5
Graphify-Labs/graphify,v0.4.6,v0.4.5,2026-04-12T18:18:48Z,ok,1,1,0,0.03,https://github.com/Graphify-Labs/graphify/releases/tag/v0.4.6
Graphify-Labs/graphify,v0.4.7,v0.4.6,2026-04-12T19:50:55Z,ok,1,1,0,0.03,https://github.com/Graphify-Labs/graphify/releases/tag/v0.4.7
Graphify-Labs/graphify,v0.4.8,v0.4.7,2026-04-12T20:19:02Z,ok,1,1,0,0.01,https://github.com/Graphify-Labs/graphify/releases/tag/v0.4.8
Graphify-Labs/graphify,v0.4.9,v0.4.8,2026-04-13T07:41:19Z,ok,1,1,0,0.03,https://github.com/Graphify-Labs/graphify/releases/tag/v0.4.9
Graphify-Labs/graphify,v0.4.10,v0.4.9,2026-04-13T22:03:37Z,ok,68,68,0,123.4,https://github.com/Graphify-Labs/graphify/releases/tag/v0.4.10
Graphify-Labs/graphify,v0.4.11,v0.4.10,2026-04-13T22:03:51Z,ok,0,0,0,,https://github.com/Graphify-Labs/graphify/releases/tag/v0.4.11
Graphify-Labs/graphify,v0.4.12,v0.4.11,2026-04-13T22:04:07Z,ok,2,2,0,0.51,https://github.com/Graphify-Labs/graphify/releases/tag/v0.4.12
Graphify-Labs/graphify,v0.4.13,v0.4.12,2026-04-14T08:30:27Z,ok,2,2,0,10.69,https://github.com/Graphify-Labs/graphify/releases/tag/v0.4.13
Graphify-Labs/graphify,v0.4.14,v0.4.13,2026-04-14T23:28:46Z,ok,75,75,0,148.82,https://github.com/Graphify-Labs/graphify/releases/tag/v0.4.14
Graphify-Labs/graphify,v0.4.15,v0.4.14,2026-04-15T22:09:29Z,ok,2,2,0,22.62,https://github.com/Graphify-Labs/graphify/releases/tag/v0.4.15
Graphify-Labs/graphify,v0.4.16,v0.4.15,2026-04-16T06:25:53Z,ok,1,1,0,0.41,https://github.com/Graphify-Labs/graphify/releases/tag/v0.4.16
Graphify-Labs/graphify,v0.4.17,v0.4.16,2026-04-16T06:25:54Z,ok,0,0,0,,https://github.com/Graphify-Labs/graphify/releases/tag/v0.4.17
Graphify-Labs/graphify,v0.4.18,v0.4.17,2026-04-16T06:25:55Z,ok,0,0,0,,https://github.com/Graphify-Labs/graphify/releases/tag/v0.4.18
Graphify-Labs/graphify,v0.4.19,v0.4.18,2026-04-17T11:50:34Z,ok,83,83,0,209.18,https://github.com/Graphify-Labs/graphify/releases/tag/v0.4.19
Graphify-Labs/graphify,v0.4.20,v0.4.19,2026-04-17T14:49:20Z,ok,3,3,0,2.87,https://github.com/Graphify-Labs/graphify/releases/tag/v0.4.20
Graphify-Labs/graphify,v0.4.21,v0.4.20,2026-04-17T19:34:19Z,ok,3,3,0,4.74,https://github.com/Graphify-Labs/graphify/releases/tag/v0.4.21
Graphify-Labs/graphify,v0.4.22,v0.4.21,2026-04-18T08:49:01Z,ok,1,1,0,0.03,https://github.com/Graphify-Labs/graphify/releases/tag/v0.4.22
Graphify-Labs/graphify,v0.4.23,v0.4.22,2026-04-18T09:55:56Z,ok,4,4,0,1.09,https://github.com/Graphify-Labs/graphify/releases/tag/v0.4.23
Graphify-Labs/graphify,v0.4.24,v0.4.23,2026-04-21T21:33:52Z,ok,19,19,0,77.73,https://github.com/Graphify-Labs/graphify/releases/tag/v0.4.24
Graphify-Labs/graphify,v0.4.25,v0.4.24,2026-04-21T21:44:14Z,ok,2,2,0,0.13,https://github.com/Graphify-Labs/graphify/releases/tag/v0.4.25
Graphify-Labs/graphify,v0.4.26,v0.4.25,2026-04-22T05:28:53Z,ok,2,2,0,7.63,https://github.com/Graphify-Labs/graphify/releases/tag/v0.4.26
Graphify-Labs/graphify,v0.4.27,v0.4.26,2026-04-22T08:07:38Z,ok,1,1,0,0.05,https://github.com/Graphify-Labs/graphify/releases/tag/v0.4.27
Graphify-Labs/graphify,v0.4.28,v0.4.27,2026-04-22T08:23:25Z,ok,120,120,0,325.73,https://github.com/Graphify-Labs/graphify/releases/tag/v0.4.28
Graphify-Labs/graphify,v0.4.29,v0.4.28,2026-04-22T08:29:46Z,ok,0,0,0,,https://github.com/Graphify-Labs/graphify/releases/tag/v0.4.29
Graphify-Labs/graphify,v0.4.30,v0.4.29,2026-04-22T22:06:24Z,ok,0,0,0,,https://github.com/Graphify-Labs/graphify/releases/tag/v0.4.30
Graphify-Labs/graphify,v0.4.31,v0.4.30,2026-04-22T22:30:18Z,ok,0,0,0,,https://github.com/Graphify-Labs/graphify/releases/tag/v0.4.31
Graphify-Labs/graphify,v0.4.32,v0.4.31,2026-04-23T06:56:47Z,ok,0,0,0,,https://github.com/Graphify-Labs/graphify/releases/tag/v0.4.32
Graphify-Labs/graphify,v0.5.0,v0.4.32,2026-04-23T21:08:29Z,ok,132,132,0,362.48,https://github.com/Graphify-Labs/graphify/releases/tag/v0.5.0
Graphify-Labs/graphify,v0.5.1,v0.5.0,2026-04-27T20:47:11Z,ok,4,4,0,53.84,https://github.com/Graphify-Labs/graphify/releases/tag/v0.5.1
Graphify-Labs/graphify,v0.5.2,v0.5.1,2026-04-27T23:59:48Z,ok,1,1,0,0.05,https://github.com/Graphify-Labs/graphify/releases/tag/v0.5.2
Graphify-Labs/graphify,v0.5.3,v0.5.2,2026-04-28T10:23:55Z,ok,1,1,0,0.02,https://github.com/Graphify-Labs/graphify/releases/tag/v0.5.3
Graphify-Labs/graphify,v0.5.4,v0.5.3,2026-04-28T14:06:21Z,ok,1,1,0,0.02,https://github.com/Graphify-Labs/graphify/releases/tag/v0.5.4
Graphify-Labs/graphify,v0.5.5,v0.5.4,2026-04-29T08:49:07Z,ok,5,5,0,18.71,https://github.com/Graphify-Labs/graphify/releases/tag/v0.5.5
Graphify-Labs/graphify,v0.6.0,v0.5.5,2026-05-01T09:20:13Z,ok,17,17,0,48.36,https://github.com/Graphify-Labs/graphify/releases/tag/v0.6.0
Graphify-Labs/graphify,v0.6.1,v0.6.0,2026-05-01T17:53:22Z,ok,5,5,0,3.99,https://github.com/Graphify-Labs/graphify/releases/tag/v0.6.1
Graphify-Labs/graphify,v0.6.2,v0.6.1,2026-05-01T21:19:42Z,ok,3,3,0,0.39,https://github.com/Graphify-Labs/graphify/releases/tag/v0.6.2
Graphify-Labs/graphify,v0.6.3,v0.6.2,2026-05-02T07:58:13Z,ok,3,3,0,0.08,https://github.com/Graphify-Labs/graphify/releases/tag/v0.6.3
Graphify-Labs/graphify,v0.6.4,v0.6.3,2026-05-02T08:36:31Z,ok,2,2,0,0.02,https://github.com/Graphify-Labs/graphify/releases/tag/v0.6.4
Graphify-Labs/graphify,v0.6.5,v0.6.4,2026-05-02T13:00:51Z,ok,6,6,0,4.38,https://github.com/Graphify-Labs/graphify/releases/tag/v0.6.5
Graphify-Labs/graphify,v0.6.6,v0.6.5,2026-05-02T14:31:30Z,ok,5,5,0,1.1,https://github.com/Graphify-Labs/graphify/releases/tag/v0.6.6
Graphify-Labs/graphify,v0.6.7,v0.6.6,2026-05-02T16:14:07Z,ok,29,29,0,208.25,https://github.com/Graphify-Labs/graphify/releases/tag/v0.6.7
Graphify-Labs/graphify,v0.6.8,v0.6.7,2026-05-03T12:25:44Z,ok,9,9,0,29.03,https://github.com/Graphify-Labs/graphify/releases/tag/v0.6.8
Graphify-Labs/graphify,v0.6.9,v0.6.8,2026-05-03T16:41:58Z,ok,6,6,0,4.17,https://github.com/Graphify-Labs/graphify/releases/tag/v0.6.9
Graphify-Labs/graphify,v0.7.0,v0.6.9,2026-05-03T19:00:59Z,ok,0,0,0,,https://github.com/Graphify-Labs/graphify/releases/tag/v0.7.0
Graphify-Labs/graphify,v0.7.1,v0.7.0,2026-05-04T09:31:54Z,ok,0,0,0,,https://github.com/Graphify-Labs/graphify/releases/tag/v0.7.1
Graphify-Labs/graphify,v0.7.2,v0.7.1,2026-05-04T10:17:18Z,ok,0,0,0,,https://github.com/Graphify-Labs/graphify/releases/tag/v0.7.2
Graphify-Labs/graphify,v0.7.3,v0.7.2,2026-05-04T10:46:52Z,ok,0,0,0,,https://github.com/Graphify-Labs/graphify/releases/tag/v0.7.3
Graphify-Labs/graphify,v0.7.4,v0.7.3,2026-05-04T11:40:44Z,ok,0,0,0,,https://github.com/Graphify-Labs/graphify/releases/tag/v0.7.4
Graphify-Labs/graphify,v0.7.5,v0.7.4,2026-05-04T17:22:10Z,ok,16,16,0,7.08,https://github.com/Graphify-Labs/graphify/releases/tag/v0.7.5
Graphify-Labs/graphify,v0.7.6,v0.7.5,2026-05-05T15:03:31Z,ok,7,7,0,21.62,https://github.com/Graphify-Labs/graphify/releases/tag/v0.7.6
Graphify-Labs/graphify,v0.7.7,v0.7.6,2026-05-06T12:16:46Z,ok,29,29,0,46.63,https://github.com/Graphify-Labs/graphify/releases/tag/v0.7.7
Graphify-Labs/graphify,v0.7.8,v0.7.7,2026-05-06T12:17:04Z,ok,0,0,0,,https://github.com/Graphify-Labs/graphify/releases/tag/v0.7.8
Graphify-Labs/graphify,v0.7.9,v0.7.8,2026-05-07T11:11:11Z,ok,26,26,0,107.73,https://github.com/Graphify-Labs/graphify/releases/tag/v0.7.9
Graphify-Labs/graphify,v0.7.10,v0.7.9,2026-05-07T19:21:53Z,ok,13,13,0,7.13,https://github.com/Graphify-Labs/graphify/releases/tag/v0.7.10
Graphify-Labs/graphify,v0.7.11,v0.7.10,2026-05-09T12:11:37Z,ok,7,7,0,16.67,https://github.com/Graphify-Labs/graphify/releases/tag/v0.7.11
Graphify-Labs/graphify,v0.7.12,v0.7.11,2026-05-09T20:22:21Z,ok,5,5,0,6.62,https://github.com/Graphify-Labs/graphify/releases/tag/v0.7.12
Graphify-Labs/graphify,v0.7.13,v0.7.12,2026-05-09T22:46:49Z,ok,6,6,0,2.43,https://github.com/Graphify-Labs/graphify/releases/tag/v0.7.13
Graphify-Labs/graphify,v0.7.14,v0.7.13,2026-05-11T17:52:07Z,ok,3,3,0,43.06,https://github.com/Graphify-Labs/graphify/releases/tag/v0.7.14
Graphify-Labs/graphify,v0.7.15,v0.7.14,2026-05-11T20:20:29Z,ok,1,1,0,0.03,https://github.com/Graphify-Labs/graphify/releases/tag/v0.7.15
Graphify-Labs/graphify,v0.7.16,v0.7.15,2026-05-12T13:45:15Z,ok,2,2,0,2.57,https://github.com/Graphify-Labs/graphify/releases/tag/v0.7.16
Graphify-Labs/graphify,v0.7.17,v0.7.16,2026-05-13T23:03:02Z,ok,7,7,0,33.16,https://github.com/Graphify-Labs/graphify/releases/tag/v0.7.17
Graphify-Labs/graphify,v0.7.18,v0.7.17,2026-05-13T23:58:35Z,ok,11,11,0,48.58,https://github.com/Graphify-Labs/graphify/releases/tag/v0.7.18
Graphify-Labs/graphify,v0.7.19,v0.7.18,2026-05-14T10:44:10Z,ok,8,8,0,17.61,https://github.com/Graphify-Labs/graphify/releases/tag/v0.7.19
Graphify-Labs/graphify,v0.8.1,v0.7.19,2026-05-14T23:34:49Z,ok,10,10,0,12.76,https://github.com/Graphify-Labs/graphify/releases/tag/v0.8.1
Graphify-Labs/graphify,v0.8.5,v0.8.1,2026-05-15T22:37:56Z,ok,11,11,0,22.99,https://github.com/Graphify-Labs/graphify/releases/tag/v0.8.5
Graphify-Labs/graphify,v0.8.6,v0.8.5,2026-05-16T13:37:50Z,ok,17,17,0,14.96,https://github.com/Graphify-Labs/graphify/releases/tag/v0.8.6
Graphify-Labs/graphify,v0.8.7,v0.8.6,2026-05-16T19:28:05Z,ok,4,4,0,4.13,https://github.com/Graphify-Labs/graphify/releases/tag/v0.8.7
Graphify-Labs/graphify,v0.8.8,v0.8.7,2026-05-16T21:56:12Z,ok,3,3,0,0.32,https://github.com/Graphify-Labs/graphify/releases/tag/v0.8.8
Graphify-Labs/graphify,v0.8.9,v0.8.8,2026-05-17T11:00:03Z,ok,7,7,0,12.13,https://github.com/Graphify-Labs/graphify/releases/tag/v0.8.9
Graphify-Labs/graphify,v0.8.10,v0.8.9,2026-05-17T22:09:51Z,ok,3,3,0,9.95,https://github.com/Graphify-Labs/graphify/releases/tag/v0.8.10
Graphify-Labs/graphify,v0.8.11,v0.8.10,2026-05-18T11:09:40Z,ok,6,6,0,0.08,https://github.com/Graphify-Labs/graphify/releases/tag/v0.8.11
Graphify-Labs/graphify,v0.8.13,v0.8.11,2026-05-18T19:52:08Z,ok,8,8,0,5.97,https://github.com/Graphify-Labs/graphify/releases/tag/v0.8.13
Graphify-Labs/graphify,v0.8.14,v0.8.13,2026-05-20T17:14:44Z,ok,3,3,0,44.29,https://github.com/Graphify-Labs/graphify/releases/tag/v0.8.14
Graphify-Labs/graphify,v0.8.16,v0.8.14,2026-05-22T18:02:36Z,ok,15,15,0,48.58,https://github.com/Graphify-Labs/graphify/releases/tag/v0.8.16
Graphify-Labs/graphify,v0.8.17,v0.8.16,2026-05-23T22:38:40Z,ok,4,4,0,0.41,https://github.com/Graphify-Labs/graphify/releases/tag/v0.8.17
Graphify-Labs/graphify,v0.8.18,v0.8.17,2026-05-24T19:42:37Z,ok,7,7,0,0.12,https://github.com/Graphify-Labs/graphify/releases/tag/v0.8.18
Graphify-Labs/graphify,v0.8.19,v0.8.18,2026-05-26T11:53:43Z,ok,9,9,0,27.66,https://github.com/Graphify-Labs/graphify/releases/tag/v0.8.19
Graphify-Labs/graphify,v0.8.20,v0.8.19,2026-05-26T19:35:35Z,ok,9,9,0,5.7,https://github.com/Graphify-Labs/graphify/releases/tag/v0.8.20
Graphify-Labs/graphify,v0.8.21,v0.8.20,2026-05-27T12:00:58Z,ok,3,3,0,1.65,https://github.com/Graphify-Labs/graphify/releases/tag/v0.8.21
Graphify-Labs/graphify,v0.8.22,v0.8.21,2026-05-27T23:26:47Z,ok,6,6,0,11.37,https://github.com/Graphify-Labs/graphify/releases/tag/v0.8.22
Graphify-Labs/graphify,v0.8.25,v0.8.22,2026-05-29T16:00:58Z,ok,21,21,0,40.51,https://github.com/Graphify-Labs/graphify/releases/tag/v0.8.25
Graphify-Labs/graphify,v0.8.23,v0.8.25,2026-05-29T16:03:27Z,ok,0,0,0,,https://github.com/Graphify-Labs/graphify/releases/tag/v0.8.23
Graphify-Labs/graphify,v0.8.24,v0.8.23,2026-05-29T16:03:41Z,ok,0,0,0,,https://github.com/Graphify-Labs/graphify/releases/tag/v0.8.24
Graphify-Labs/graphify,v0.8.26,v0.8.24,2026-05-30T20:42:57Z,ok,7,7,0,21.98,https://github.com/Graphify-Labs/graphify/releases/tag/v0.8.26
Graphify-Labs/graphify,v0.8.27,v0.8.26,2026-05-31T22:45:48Z,ok,11,11,0,23.65,https://github.com/Graphify-Labs/graphify/releases/tag/v0.8.27
Graphify-Labs/graphify,v0.8.28,v0.8.27,2026-06-01T21:18:25Z,ok,5,5,0,6.22,https://github.com/Graphify-Labs/graphify/releases/tag/v0.8.28
Graphify-Labs/graphify,v0.8.29,v0.8.28,2026-06-02T22:22:22Z,ok,16,16,0,25.02,https://github.com/Graphify-Labs/graphify/releases/tag/v0.8.29
Graphify-Labs/graphify,v0.8.30,v0.8.29,2026-06-02T23:26:30Z,ok,6,6,0,0.63,https://github.com/Graphify-Labs/graphify/releases/tag/v0.8.30
Graphify-Labs/graphify,v0.8.31,v0.8.30,2026-06-03T22:07:39Z,ok,8,8,0,8.66,https://github.com/Graphify-Labs/graphify/releases/tag/v0.8.31
Graphify-Labs/graphify,v0.8.32,v0.8.31,2026-06-05T21:52:58Z,ok,15,15,0,47.73,https://github.com/Graphify-Labs/graphify/releases/tag/v0.8.32
Graphify-Labs/graphify,v0.8.33,v0.8.32,2026-06-06T08:41:06Z,ok,3,3,0,9.91,https://github.com/Graphify-Labs/graphify/releases/tag/v0.8.33
Graphify-Labs/graphify,v0.8.34,v0.8.33,2026-06-07T11:51:59Z,ok,8,8,0,12.14,https://github.com/Graphify-Labs/graphify/releases/tag/v0.8.34
Graphify-Labs/graphify,v0.8.35,v0.8.34,2026-06-07T13:42:51Z,ok,4,4,0,0.28,https://github.com/Graphify-Labs/graphify/releases/tag/v0.8.35
Graphify-Labs/graphify,v0.8.36,v0.8.35,2026-06-08T22:58:46Z,ok,7,7,0,32.15,https://github.com/Graphify-Labs/graphify/releases/tag/v0.8.36
Graphify-Labs/graphify,v0.8.37,v0.8.36,2026-06-10T20:46:26Z,ok,6,6,0,9.11,https://github.com/Graphify-Labs/graphify/releases/tag/v0.8.37
Graphify-Labs/graphify,v0.8.38,v0.8.37,2026-06-11T22:54:39Z,ok,31,31,0,25.99,https://github.com/Graphify-Labs/graphify/releases/tag/v0.8.38
Graphify-Labs/graphify,v0.8.39,v0.8.38,2026-06-12T19:38:12Z,ok,22,22,0,127.57,https://github.com/Graphify-Labs/graphify/releases/tag/v0.8.39
Graphify-Labs/graphify,v0.8.40,v0.8.39,2026-06-16T01:39:24Z,ok,19,19,0,214.1,https://github.com/Graphify-Labs/graphify/releases/tag/v0.8.40
Graphify-Labs/graphify,v0.8.41,v0.8.40,2026-06-17T18:34:41Z,ok,17,17,0,40.47,https://github.com/Graphify-Labs/graphify/releases/tag/v0.8.41
Graphify-Labs/graphify,v0.8.42,v0.8.41,2026-06-18T20:22:35Z,ok,7,7,0,31.26,https://github.com/Graphify-Labs/graphify/releases/tag/v0.8.42
Graphify-Labs/graphify,v0.8.43,v0.8.42,2026-06-19T09:41:40Z,ok,8,8,0,11.88,https://github.com/Graphify-Labs/graphify/releases/tag/v0.8.43
Graphify-Labs/graphify,v0.8.44,v0.8.43,2026-06-19T14:46:53Z,ok,4,4,0,0.72,https://github.com/Graphify-Labs/graphify/releases/tag/v0.8.44
Graphify-Labs/graphify,v0.8.45,v0.8.44,2026-06-22T21:40:41Z,ok,7,7,0,78.38,https://github.com/Graphify-Labs/graphify/releases/tag/v0.8.45
Graphify-Labs/graphify,v0.8.46,v0.8.45,2026-06-23T12:35:13Z,ok,12,12,0,64.6,https://github.com/Graphify-Labs/graphify/releases/tag/v0.8.46
Graphify-Labs/graphify,v0.8.47,v0.8.46,2026-06-24T10:56:06Z,ok,8,8,0,19.9,https://github.com/Graphify-Labs/graphify/releases/tag/v0.8.47
Graphify-Labs/graphify,v0.8.49,v0.8.47,2026-06-25T09:04:32Z,ok,10,10,0,21.79,https://github.com/Graphify-Labs/graphify/releases/tag/v0.8.49
Graphify-Labs/graphify,v0.8.50,v0.8.49,2026-06-27T09:29:55Z,ok,18,18,0,48.08,https://github.com/Graphify-Labs/graphify/releases/tag/v0.8.50
Graphify-Labs/graphify,v0.8.51,v0.8.50,2026-06-28T10:25:31Z,ok,12,12,0,11.88,https://github.com/Graphify-Labs/graphify/releases/tag/v0.8.51
Graphify-Labs/graphify,v0.9.0,v0.8.51,2026-06-28T17:26:57Z,ok,8,8,0,6.89,https://github.com/Graphify-Labs/graphify/releases/tag/v0.9.0
Graphify-Labs/graphify,v0.9.1,v0.9.0,2026-06-28T19:18:28Z,ok,13,13,0,1.83,https://github.com/Graphify-Labs/graphify/releases/tag/v0.9.1
Graphify-Labs/graphify,v0.9.2,v0.9.1,2026-06-29T15:30:46Z,ok,15,15,0,17.75,https://github.com/Graphify-Labs/graphify/releases/tag/v0.9.2
Graphify-Labs/graphify,v0.9.3,v0.9.2,2026-06-30T19:40:56Z,ok,14,14,0,10.98,https://github.com/Graphify-Labs/graphify/releases/tag/v0.9.3
Graphify-Labs/graphify,v0.9.4,v0.9.3,2026-07-01T10:23:05Z,ok,20,20,0,77.07,https://github.com/Graphify-Labs/graphify/releases/tag/v0.9.4
Graphify-Labs/graphify,v0.9.5,v0.9.4,2026-07-02T12:22:33Z,ok,26,26,0,25.68,https://github.com/Graphify-Labs/graphify/releases/tag/v0.9.5
Graphify-Labs/graphify,v0.9.6,v0.9.5,2026-07-04T11:56:02Z,ok,24,24,0,186.73,https://github.com/Graphify-Labs/graphify/releases/tag/v0.9.6
Graphify-Labs/graphify,v0.9.7,v0.9.6,2026-07-06T00:33:12Z,ok,24,24,0,99.95,https://github.com/Graphify-Labs/graphify/releases/tag/v0.9.7
Graphify-Labs/graphify,v0.9.8,v0.9.7,2026-07-06T15:52:27Z,ok,13,13,0,14.3,https://github.com/Graphify-Labs/graphify/releases/tag/v0.9.8
Graphify-Labs/graphify,v0.9.9,v0.9.8,2026-07-07T15:15:05Z,ok,9,9,0,22.62,https://github.com/Graphify-Labs/graphify/releases/tag/v0.9.9
Graphify-Labs/graphify,v0.9.10,v0.9.9,2026-07-08T10:50:01Z,ok,12,12,0,43.64,https://github.com/Graphify-Labs/graphify/releases/tag/v0.9.10
Graphify-Labs/graphify,v0.9.11,v0.9.10,2026-07-09T00:31:26Z,ok,21,21,0,13.36,https://github.com/Graphify-Labs/graphify/releases/tag/v0.9.11
Graphify-Labs/graphify,v0.9.12,v0.9.11,2026-07-10T10:42:19Z,ok,10,10,0,24.96,https://github.com/Graphify-Labs/graphify/releases/tag/v0.9.12
Graphify-Labs/graphify,v0.9.13,v0.9.12,2026-07-12T10:17:34Z,ok,15,15,0,47.41,https://github.com/Graphify-Labs/graphify/releases/tag/v0.9.13
Graphify-Labs/graphify,v0.9.14,v0.9.13,2026-07-13T09:41:28Z,ok,9,9,0,20.16,https://github.com/Graphify-Labs/graphify/releases/tag/v0.9.14
Graphify-Labs/graphify,v0.9.15,v0.9.14,2026-07-13T22:22:18Z,ok,5,5,0,12.23,https://github.com/Graphify-Labs/graphify/releases/tag/v0.9.15
Graphify-Labs/graphify,v0.9.16,v0.9.15,2026-07-14T23:04:12Z,ok,21,21,0,33.88,https://github.com/Graphify-Labs/graphify/releases/tag/v0.9.16
Graphify-Labs/graphify,v0.9.17,v0.9.16,2026-07-16T10:58:57Z,ok,21,21,0,43.85,https://github.com/Graphify-Labs/graphify/releases/tag/v0.9.17
Graphify-Labs/graphify,v0.9.18,v0.9.17,2026-07-17T13:57:35Z,ok,25,25,0,43.95,https://github.com/Graphify-Labs/graphify/releases/tag/v0.9.18
Graphify-Labs/graphify,v0.9.19,v0.9.18,2026-07-18T11:56:42Z,ok,11,11,0,19.77,https://github.com/Graphify-Labs/graphify/releases/tag/v0.9.19
Graphify-Labs/graphify,v0.9.20,v0.9.19,2026-07-18T21:29:17Z,ok,10,10,0,21.9,https://github.com/Graphify-Labs/graphify/releases/tag/v0.9.20
Graphify-Labs/graphify,v0.9.21,v0.9.20,2026-07-20T12:37:50Z,ok,12,12,0,36.31,https://github.com/Graphify-Labs/graphify/releases/tag/v0.9.21
Graphify-Labs/graphify,v0.9.22,v0.9.21,2026-07-20T15:41:07Z,ok,10,10,0,39.42,https://github.com/Graphify-Labs/graphify/releases/tag/v0.9.22
Graphify-Labs/graphify,v0.9.23,v0.9.22,2026-07-21T17:59:10Z,ok,10,10,0,25.85,https://github.com/Graphify-Labs/graphify/releases/tag/v0.9.23
Graphify-Labs/graphify,v0.9.24,v0.9.23,2026-07-22T18:47:49Z,ok,24,24,0,42.49,https://github.com/Graphify-Labs/graphify/releases/tag/v0.9.24
Graphify-Labs/graphify,v0.9.25,v0.9.24,2026-07-22T22:56:34Z,ok,4,4,0,3.34,https://github.com/Graphify-Labs/graphify/releases/tag/v0.9.25
Graphify-Labs/graphify,v0.9.26,v0.9.25,2026-07-24T23:10:00Z,ok,12,12,0,41.02,https://github.com/Graphify-Labs/graphify/releases/tag/v0.9.26
Graphify-Labs/graphify,v0.9.27,v0.9.26,2026-07-26T12:01:51Z,ok,26,26,0,54.58,https://github.com/Graphify-Labs/graphify/releases/tag/v0.9.27
Graphify-Labs/graphify,v0.9.28,v0.9.27,2026-07-27T09:58:32Z,ok,12,12,0,15.49,https://github.com/Graphify-Labs/graphify/releases/tag/v0.9.28
Graphify-Labs/graphify,v0.9.29,v0.9.28,2026-07-28T09:52:46Z,ok,14,14,0,23.68,https://github.com/Graphify-Labs/graphify/releases/tag/v0.9.29
Graphify-Labs/graphify,v0.9.30,v0.9.29,2026-07-29T16:34:47Z,ok,10,10,0,22.95,https://github.com/Graphify-Labs/graphify/releases/tag/v0.9.30
Graphify-Labs/graphify,v0.9.31,v0.9.30,2026-07-30T18:15:48Z,ok,13,13,0,35.47,https://github.com/Graphify-Labs/graphify/releases/tag/v0.9.31
Graphify-Labs/graphify,v0.9.32,v0.9.31,2026-08-01T14:44:13Z,ok,14,14,0,44.27,https://github.com/Graphify-Labs/graphify/releases/tag/v0.9.32
Graphify-Labs/graphify,v0.9.33,v0.9.32,2026-08-05T00:42:01Z,ok,2,2,0,0.01,https://github.com/Graphify-Labs/graphify/releases/tag/v0.9.33
Graphify-Labs/graphify,v0.9.34,v0.9.33,2026-08-05T21:12:16Z,ok,3,3,0,0.06,https://github.com/Graphify-Labs/graphify/releases/tag/v0.9.34
Graphify-Labs/graphify,v0.9.35,v0.9.34,2026-08-06T16:45:55Z,ok,3,3,0,0.28,https://github.com/Graphify-Labs/graphify/releases/tag/v0.9.35
Graphify-Labs/graphify,v0.9.36,v0.9.35,2026-08-07T21:58:20Z,ok,4,4,0,0.15,https://github.com/Graphify-Labs/graphify/releases/tag/v0.9.36
Graphify-Labs/graphify,v0.9.37,v0.9.36,2026-08-08T22:42:11Z,ok,2,2,0,0.08,https://github.com/Graphify-Labs/graphify/releases/tag/v0.9.37
Graphify-Labs/graphify,v0.9.38,v0.9.37,2026-08-09T22:25:00Z,ok,1,1,0,0.1,https://github.com/Graphify-Labs/graphify/releases/tag/v0.9.38
Graphify-Labs/graphify,v0.9.39,v0.9.38,2026-08-10T19:32:45Z,ok,4,4,0,2.43,https://github.com/Graphify-Labs/graphify/releases/tag/v0.9.39
Graphify-Labs/graphify,v0.9.40,v0.9.39,2026-08-11T14:30:58Z,ok,15,15,0,89.19,https://github.com/Graphify-Labs/graphify/releases/tag/v0.9.40
Graphify-Labs/graphify,v0.9.41,v0.9.40,2026-08-12T13:28:38Z,ok,17,17,0,21.57,https://github.com/Graphify-Labs/graphify/releases/tag/v0.9.41
Graphify-Labs/graphify,v0.9.42,v0.9.41,2026-08-13T14:15:05Z,ok,25,25,0,18.31,https://github.com/Graphify-Labs/graphify/releases/tag/v0.9.42
Graphify-Labs/graphify,v0.9.43,v0.9.42,2026-08-14T19:17:38Z,ok,12,12,0,6.01,https://github.com/Graphify-Labs/graphify/releases/tag/v0.9.43
Graphify-Labs/graphify,v0.9.44,v0.9.43,2026-08-15T21:16:40Z,ok,19,19,0,25.12,https://github.com/Graphify-Labs/graphify/releases/tag/v0.9.44
Graphify-Labs/graphify,v0.9.45,v0.9.44,2026-08-16T20:13:16Z,ok,9,9,0,2.76,https://github.com/Graphify-Labs/graphify/releases/tag/v0.9.45
Graphify-Labs/graphify,v0.9.46,v0.9.45,2026-08-17T18:42:58Z,ok,22,22,0,4.31,https://github.com/Graphify-Labs/graphify/releases/tag/v0.9.46
Graphify-Labs/graphify,v0.9.47,v0.9.46,2026-08-19T13:37:02Z,ok,26,26,0,22.71,https://github.com/Graphify-Labs/graphify/releases/tag/v0.9.47
Graphify-Labs/graphify,v0.9.48,v0.9.47,2026-08-20T16:39:37Z,ok,14,14,0,1.98,https://github.com/Graphify-Labs/graphify/releases/tag/v0.9.48
Graphify-Labs/graphify,v0.9.49,v0.9.48,2026-08-24T13:19:05Z,ok,31,31,0,69.49,https://github.com/Graphify-Labs/graphify/releases/tag/v0.9.49
Graphify-Labs/graphify,v0.9.50,v0.9.49,2026-08-25T17:43:31Z,ok,17,17,0,2.98,https://github.com/Graphify-Labs/graphify/releases/tag/v0.9.50
Graphify-Labs/graphify,v0.9.51,v0.9.50,2026-08-28T00:29:01Z,ok,18,18,0,7.46,https://github.com/Graphify-Labs/graphify/releases/tag/v0.9.51
Graphify-Labs/graphify,v0.9.52,v0.9.51,2026-08-29T18:41:12Z,ok,22,22,0,3.45,https://github.com/Graphify-Labs/graphify/releases/tag/v0.9.52
Graphify-Labs/graphify,v0.9.53,v0.9.52,2026-08-30T15:03:48Z,ok,21,21,0,0.87,https://github.com/Graphify-Labs/graphify/releases/tag/v0.9.53
Graphify-Labs/graphify,v0.9.54,v0.9.53,2026-09-05T00:29:44Z,ok,17,17,0,78.49,https://github.com/Graphify-Labs/graphify/releases/tag/v0.9.54
Graphify-Labs/graphify,v0.9.55,v0.9.54,2026-09-05T21:19:43Z,ok,16,16,0,151.99,https://github.com/Graphify-Labs/graphify/releases/tag/v0.9.55
Graphify-Labs/graphify,v0.9.56,v0.9.55,2026-09-07T19:57:32Z,ok,16,16,0,311.82,https://github.com/Graphify-Labs/graphify/releases/tag/v0.9.56
Graphify-Labs/graphify,v0.9.57,v0.9.56,2026-09-09T13:58:48Z,ok,5,5,0,21.65,https://github.com/Graphify-Labs/graphify/releases/tag/v0.9.57
Graphify-Labs/graphify,v0.9.58,v0.9.57,2026-09-10T22:35:09Z,ok,22,22,0,62.7,https://github.com/Graphify-Labs/graphify/releases/tag/v0.9.58
Graphify-Labs/graphify,v0.9.59,v0.9.58,2026-09-12T14:36:27Z,ok,15,15,0,29.11,https://github.com/Graphify-Labs/graphify/releases/tag/v0.9.59
Graphify-Labs/graphify,v0.9.60,v0.9.59,2026-09-12T21:03:26Z,ok,19,19,0,40.0,https://github.com/Graphify-Labs/graphify/releases/tag/v0.9.60
Graphify-Labs/graphify,v0.9.61,v0.9.60,2026-09-12T21:24:20Z,ok,1,1,0,0.02,https://github.com/Graphify-Labs/graphify/releases/tag/v0.9.61
Graphify-Labs/graphify,v0.9.62,v0.9.61,2026-09-15T17:58:20Z,ok,50,50,0,145.59,https://github.com/Graphify-Labs/graphify/releases/tag/v0.9.62
Graphify-Labs/graphify,v0.9.63,v0.9.62,2026-09-16T16:31:13Z,ok,19,19,0,22.9,https://github.com/Graphify-Labs/graphify/releases/tag/v0.9.63
Graphify-Labs/graphify,v0.9.64,v0.9.63,2026-09-18T21:16:28Z,ok,34,34,0,105.36,https://github.com/Graphify-Labs/graphify/releases/tag/v0.9.64
Graphify-Labs/graphify,v0.9.65,v0.9.64,2026-09-20T17:47:20Z,ok,17,17,0,27.66,https://github.com/Graphify-Labs/graphify/releases/tag/v0.9.65
Graphify-Labs/graphify,v0.9.66,v0.9.65,2026-09-22T21:40:05Z,ok,28,28,0,51.77,https://github.com/Graphify-Labs/graphify/releases/tag/v0.9.66
Graphify-Labs/graphify,v0.9.67,v0.9.66,2026-09-23T19:25:20Z,ok,20,20,0,332.97,https://github.com/Graphify-Labs/graphify/releases/tag/v0.9.67
Graphify-Labs/graphify,v0.9.68,v0.9.67,2026-09-25T15:33:45Z,ok,25,25,0,77.81,https://github.com/Graphify-Labs/graphify/releases/tag/v0.9.68
Graphify-Labs/graphify,v0.9.69,v0.9.68,2026-09-26T13:06:38Z,ok,25,25,0,91.4,https://github.com/Graphify-Labs/graphify/releases/tag/v0.9.69
Graphify-Labs/graphify,v0.9.70,v0.9.69,2026-09-27T18:19:57Z,ok,15,15,0,29.72,https://github.com/Graphify-Labs/graphify/releases/tag/v0.9.70
Graphify-Labs/graphify,v0.9.71,v0.9.70,2026-09-28T08:28:51Z,ok,11,11,0,70.52,https://github.com/Graphify-Labs/graphify/releases/tag/v0.9.71
Graphify-Labs/graphify,v0.9.72,v0.9.71,2026-09-29T18:42:59Z,ok,20,20,0,201.87,https://github.com/Graphify-Labs/graphify/releases/tag/v0.9.72
Graphify-Labs/graphify,v0.9.73,v0.9.72,2026-09-30T19:53:38Z,ok,19,19,0,48.88,https://github.com/Graphify-Labs/graphify/releases/tag/v0.9.73
Graphify-Labs/graphify,v0.9.74,v0.9.73,2026-10-02T16:20:43Z,ok,19,19,0,115.59,https://github.com/Graphify-Labs/graphify/releases/tag/v0.9.74
harry0703/MoneyPrinterTurbo,v1.2.7,v1.2.6,2026-04-03T12:59:32Z,ok,84,84,0,7875.65,https://github.com/harry0703/MoneyPrinterTurbo/releases/tag/v1.2.7
harry0703/MoneyPrinterTurbo,v1.2.8,v1.2.7,2026-05-28T03:44:22Z,ok,24,24,0,1198.89,https://github.com/harry0703/MoneyPrinterTurbo/releases/tag/v1.2.8
harry0703/MoneyPrinterTurbo,v1.2.9,v1.2.8,2026-05-30T09:38:54Z,ok,14,14,0,46.54,https://github.com/harry0703/MoneyPrinterTurbo/releases/tag/v1.2.9
harry0703/MoneyPrinterTurbo,v1.3.0,v1.2.9,2026-06-10T09:39:34Z,ok,31,31,0,236.29,https://github.com/harry0703/MoneyPrinterTurbo/releases/tag/v1.3.0
harry0703/MoneyPrinterTurbo,v1.3.1,v1.3.0,2026-07-06T02:34:46Z,ok,46,46,0,667.58,https://github.com/harry0703/MoneyPrinterTurbo/releases/tag/v1.3.1
harry0703/MoneyPrinterTurbo,v1.3.2,v1.3.1,2026-07-12T08:54:54Z,ok,6,6,0,820.92,https://github.com/harry0703/MoneyPrinterTurbo/releases/tag/v1.3.2
harry0703/MoneyPrinterTurbo,v1.3.3,v1.3.2,2026-07-24T04:38:02Z,ok,22,22,0,266.07,https://github.com/harry0703/MoneyPrinterTurbo/releases/tag/v1.3.3
harry0703/MoneyPrinterTurbo,v1.3.4,v1.3.3,2026-08-12T02:51:41Z,ok,21,21,0,451.42,https://github.com/harry0703/MoneyPrinterTurbo/releases/tag/v1.3.4
harry0703/MoneyPrinterTurbo,v1.3.5,v1.3.4,2026-08-22T14:29:06Z,ok,47,47,0,242.49,https://github.com/harry0703/MoneyPrinterTurbo/releases/tag/v1.3.5
harry0703/MoneyPrinterTurbo,v1.3.6,v1.3.5,2026-09-02T14:02:02Z,ok,81,81,0,855.2,https://github.com/harry0703/MoneyPrinterTurbo/releases/tag/v1.3.6
harry0703/MoneyPrinterTurbo,v1.3.7,v1.3.6,2026-09-13T12:26:39Z,ok,56,56,0,243.06,https://github.com/harry0703/MoneyPrinterTurbo/releases/tag/v1.3.7
jesseduffield/lazygit,v0.56.0,v0.55.1,2025-11-01T09:49:19Z,ok,97,97,0,1878.99,https://github.com/jesseduffield/lazygit/releases/tag/v0.56.0
jesseduffield/lazygit,v0.57.0,v0.56.0,2025-12-06T13:08:04Z,ok,77,77,0,2659.82,https://github.com/jesseduffield/lazygit/releases/tag/v0.57.0
jesseduffield/lazygit,v0.58.0,v0.57.0,2026-01-03T19:32:16Z,ok,45,45,0,1012.91,https://github.com/jesseduffield/lazygit/releases/tag/v0.58.0
jesseduffield/lazygit,v0.58.1,v0.58.0,2026-01-12T19:53:07Z,ok,16,16,0,222.36,https://github.com/jesseduffield/lazygit/releases/tag/v0.58.1
jesseduffield/lazygit,v0.59.0,v0.58.1,2026-02-07T08:40:22Z,ok,46,46,0,589.59,https://github.com/jesseduffield/lazygit/releases/tag/v0.59.0
jesseduffield/lazygit,v0.60.0,v0.59.0,2026-03-09T19:57:44Z,ok,50,50,0,888.39,https://github.com/jesseduffield/lazygit/releases/tag/v0.60.0
jesseduffield/lazygit,v0.61.0,v0.60.0,2026-04-06T17:44:25Z,ok,125,125,0,605.04,https://github.com/jesseduffield/lazygit/releases/tag/v0.61.0
jesseduffield/lazygit,v0.61.1,v0.61.0,2026-04-13T20:10:26Z,ok,16,16,0,172.0,https://github.com/jesseduffield/lazygit/releases/tag/v0.61.1
jesseduffield/lazygit,v0.62.0,v0.61.1,2026-05-26T20:37:17Z,ok,191,191,0,4586.98,https://github.com/jesseduffield/lazygit/releases/tag/v0.62.0
jesseduffield/lazygit,v0.62.1,v0.62.0,2026-05-28T17:55:11Z,ok,6,6,0,0.6,https://github.com/jesseduffield/lazygit/releases/tag/v0.62.1
jesseduffield/lazygit,v0.62.2,v0.62.1,2026-06-04T07:01:01Z,ok,5,5,0,595.4,https://github.com/jesseduffield/lazygit/releases/tag/v0.62.2
jesseduffield/lazygit,v0.63.0,v0.62.2,2026-07-04T12:50:57Z,ok,183,183,0,1753.22,https://github.com/jesseduffield/lazygit/releases/tag/v0.63.0
jesseduffield/lazygit,v0.63.1,v0.63.0,2026-07-15T11:39:25Z,ok,16,16,0,124.72,https://github.com/jesseduffield/lazygit/releases/tag/v0.63.1
jesseduffield/lazygit,v0.64.0,v0.63.1,2026-08-04T07:31:26Z,ok,272,272,0,779.77,https://github.com/jesseduffield/lazygit/releases/tag/v0.64.0
jesseduffield/lazygit,v0.64.1,v0.64.0,2026-08-12T17:57:59Z,ok,61,61,0,180.78,https://github.com/jesseduffield/lazygit/releases/tag/v0.64.1
jesseduffield/lazygit,v0.65.0,v0.64.1,2026-09-05T15:12:29Z,ok,141,141,0,674.05,https://github.com/jesseduffield/lazygit/releases/tag/v0.65.0
jesseduffield/lazygit,v0.65.1,v0.65.0,2026-09-13T05:46:22Z,ok,9,9,0,156.48,https://github.com/jesseduffield/lazygit/releases/tag/v0.65.1
JuliusBrussee/caveman,v1.0.0,,2026-04-04T17:41:28Z,sem_anterior,,0,0,,https://github.com/JuliusBrussee/caveman/releases/tag/v1.0.0
JuliusBrussee/caveman,v1.1.0,v1.0.0,2026-04-05T17:41:05Z,ok,7,7,0,3.01,https://github.com/JuliusBrussee/caveman/releases/tag/v1.1.0
JuliusBrussee/caveman,v1.2.0,v1.1.0,2026-04-06T21:27:44Z,ok,19,19,0,28.13,https://github.com/JuliusBrussee/caveman/releases/tag/v1.2.0
JuliusBrussee/caveman,v1.3.0,v1.2.0,2026-04-08T23:25:50Z,ok,49,49,0,50.56,https://github.com/JuliusBrussee/caveman/releases/tag/v1.3.0
JuliusBrussee/caveman,v1.3.5,v1.3.0,2026-04-09T19:27:33Z,ok,10,10,0,6.84,https://github.com/JuliusBrussee/caveman/releases/tag/v1.3.5
JuliusBrussee/caveman,v1.4.0,v1.3.5,2026-04-11T10:30:28Z,ok,8,8,0,1.26,https://github.com/JuliusBrussee/caveman/releases/tag/v1.4.0
JuliusBrussee/caveman,v1.4.1,v1.4.0,2026-04-11T13:31:17Z,ok,3,3,0,3.02,https://github.com/JuliusBrussee/caveman/releases/tag/v1.4.1
JuliusBrussee/caveman,v1.5.0,v1.4.1,2026-04-11T16:28:08Z,ok,3,3,0,0.52,https://github.com/JuliusBrussee/caveman/releases/tag/v1.5.0
JuliusBrussee/caveman,v1.5.1,v1.5.0,2026-04-11T22:20:01Z,ok,5,5,0,5.87,https://github.com/JuliusBrussee/caveman/releases/tag/v1.5.1
JuliusBrussee/caveman,v1.6.0,v1.5.1,2026-04-15T12:51:06Z,ok,30,30,0,119.3,https://github.com/JuliusBrussee/caveman/releases/tag/v1.6.0
JuliusBrussee/caveman,v1.7.0,v1.6.0,2026-05-01T00:31:29Z,ok,16,16,0,302.33,https://github.com/JuliusBrussee/caveman/releases/tag/v1.7.0
JuliusBrussee/caveman,v1.8.0,v1.7.0,2026-05-10T13:53:08Z,ok,21,21,0,2.58,https://github.com/JuliusBrussee/caveman/releases/tag/v1.8.0
JuliusBrussee/caveman,v1.8.1,v1.8.0,2026-05-10T14:05:04Z,ok,1,1,0,0.01,https://github.com/JuliusBrussee/caveman/releases/tag/v1.8.1
JuliusBrussee/caveman,v1.8.2,v1.8.1,2026-05-12T19:44:56Z,ok,4,4,0,5.92,https://github.com/JuliusBrussee/caveman/releases/tag/v1.8.2
JuliusBrussee/caveman,v1.9.0,v1.8.2,2026-06-12T12:58:37Z,ok,18,18,0,614.35,https://github.com/JuliusBrussee/caveman/releases/tag/v1.9.0
JuliusBrussee/caveman,v1.9.1,v1.9.0,2026-07-03T11:10:43Z,ok,52,52,0,626.27,https://github.com/JuliusBrussee/caveman/releases/tag/v1.9.1
JuliusBrussee/caveman,v1.10.0,v1.9.1,2026-08-03T10:58:53Z,ok,9,9,0,322.97,https://github.com/JuliusBrussee/caveman/releases/tag/v1.10.0
JuliusBrussee/caveman,bin-v1.0.0,v1.10.0,2026-08-11T15:44:41Z,ok,8,8,0,194.16,https://github.com/JuliusBrussee/caveman/releases/tag/bin-v1.0.0
JuliusBrussee/caveman,v2.0.0,bin-v1.0.0,2026-08-11T15:55:03Z,ok,1,1,0,0.01,https://github.com/JuliusBrussee/caveman/releases/tag/v2.0.0
JuliusBrussee/caveman,v2.1.0,v2.0.0,2026-08-16T19:22:05Z,ok,33,33,0,123.38,https://github.com/JuliusBrussee/caveman/releases/tag/v2.1.0
JuliusBrussee/caveman,bin-v1.1.0,v2.1.0,2026-08-16T19:25:57Z,ok,0,0,0,,https://github.com/JuliusBrussee/caveman/releases/tag/bin-v1.1.0
JuliusBrussee/caveman,bin-v1.1.1,bin-v1.1.0,2026-08-18T21:44:43Z,ok,12,12,0,50.38,https://github.com/JuliusBrussee/caveman/releases/tag/bin-v1.1.1
JuliusBrussee/caveman,bin-v1.1.2,bin-v1.1.1,2026-08-20T11:16:04Z,ok,53,53,0,3133.23,https://github.com/JuliusBrussee/caveman/releases/tag/bin-v1.1.2
JuliusBrussee/caveman,v2.2.0,bin-v1.1.2,2026-08-20T11:20:50Z,ok,0,0,0,,https://github.com/JuliusBrussee/caveman/releases/tag/v2.2.0
JuliusBrussee/caveman,bin-v1.1.3,v2.2.0,2026-08-23T08:51:23Z,ok,25,25,0,69.55,https://github.com/JuliusBrussee/caveman/releases/tag/bin-v1.1.3
JuliusBrussee/caveman,v2.3.0,bin-v1.1.3,2026-08-23T08:55:50Z,ok,0,0,0,,https://github.com/JuliusBrussee/caveman/releases/tag/v2.3.0
JuliusBrussee/caveman,v2.3.1,v2.3.0,2026-08-23T09:01:48Z,ok,2,2,0,0.24,https://github.com/JuliusBrussee/caveman/releases/tag/v2.3.1
JuliusBrussee/caveman,bin-v1.1.4,v2.3.1,2026-08-29T21:02:30Z,ok,52,52,0,589.61,https://github.com/JuliusBrussee/caveman/releases/tag/bin-v1.1.4
JuliusBrussee/caveman,v2.4.0,bin-v1.1.4,2026-08-29T22:15:14Z,ok,3,3,0,1.32,https://github.com/JuliusBrussee/caveman/releases/tag/v2.4.0
JuliusBrussee/caveman,v2.5.0,v2.4.0,2026-09-02T13:40:03Z,ok,66,66,0,86.77,https://github.com/JuliusBrussee/caveman/releases/tag/v2.5.0
JuliusBrussee/caveman,bin-v1.1.5,v2.5.0,2026-09-02T13:43:33Z,ok,0,0,0,,https://github.com/JuliusBrussee/caveman/releases/tag/bin-v1.1.5
JuliusBrussee/caveman,v2.6.0,bin-v1.1.5,2026-09-04T00:19:58Z,ok,32,32,0,109.77,https://github.com/JuliusBrussee/caveman/releases/tag/v2.6.0
JuliusBrussee/caveman,bin-v1.1.6,v2.6.0,2026-09-04T00:23:53Z,ok,1,1,0,0.08,https://github.com/JuliusBrussee/caveman/releases/tag/bin-v1.1.6
JuliusBrussee/caveman,bin-v1.1.7,bin-v1.1.6,2026-09-15T01:20:27Z,ok,112,112,0,1277.07,https://github.com/JuliusBrussee/caveman/releases/tag/bin-v1.1.7
JuliusBrussee/caveman,v2.7.0,bin-v1.1.7,2026-09-15T04:01:16Z,ok,9,9,0,0.89,https://github.com/JuliusBrussee/caveman/releases/tag/v2.7.0
JuliusBrussee/caveman,v3.0.0,v2.7.0,2026-09-30T19:25:17Z,ok,150,150,0,1572.69,https://github.com/JuliusBrussee/caveman/releases/tag/v3.0.0
JuliusBrussee/caveman,bin-v2.0.0,v3.0.0,2026-09-30T20:16:59Z,ok,0,0,0,,https://github.com/JuliusBrussee/caveman/releases/tag/bin-v2.0.0
JuliusBrussee/caveman,sdk-ts-v1.2.0,bin-v2.0.0,2026-09-30T22:22:05Z,ok,0,0,0,,https://github.com/JuliusBrussee/caveman/releases/tag/sdk-ts-v1.2.0
JuliusBrussee/caveman,contracts-v2.0.0,sdk-ts-v1.2.0,2026-09-30T22:27:43Z,ok,0,0,0,,https://github.com/JuliusBrussee/caveman/releases/tag/contracts-v2.0.0
JuliusBrussee/caveman,sdk-python-v1.2.0,contracts-v2.0.0,2026-09-30T22:27:49Z,ok,1,1,0,0.07,https://github.com/JuliusBrussee/caveman/releases/tag/sdk-python-v1.2.0
JuliusBrussee/caveman,middleware-ts-v1.0.0,sdk-python-v1.2.0,2026-09-30T22:30:31Z,ok,0,0,0,,https://github.com/JuliusBrussee/caveman/releases/tag/middleware-ts-v1.0.0
JuliusBrussee/caveman,middleware-python-v1.0.0,middleware-ts-v1.0.0,2026-09-30T22:34:52Z,ok,0,0,0,,https://github.com/JuliusBrussee/caveman/releases/tag/middleware-python-v1.0.0
junegunn/fzf,v0.66.0,v0.65.2,2025-10-12T13:24:17Z,ok,61,61,0,950.09,https://github.com/junegunn/fzf/releases/tag/v0.66.0
junegunn/fzf,v0.66.1,v0.66.0,2025-10-26T06:13:42Z,ok,5,5,0,266.96,https://github.com/junegunn/fzf/releases/tag/v0.66.1
junegunn/fzf,v0.67.0,v0.66.1,2025-11-16T11:04:23Z,ok,17,17,0,382.83,https://github.com/junegunn/fzf/releases/tag/v0.67.0
junegunn/fzf,v0.68.0,v0.67.0,2026-02-20T02:06:47Z,ok,57,57,0,2209.95,https://github.com/junegunn/fzf/releases/tag/v0.68.0
junegunn/fzf,v0.70.0,v0.68.0,2026-03-02T08:02:17Z,ok,25,25,0,233.05,https://github.com/junegunn/fzf/releases/tag/v0.70.0
junegunn/fzf,v0.71.0,v0.70.0,2026-04-04T05:15:38Z,ok,62,62,0,783.43,https://github.com/junegunn/fzf/releases/tag/v0.71.0
junegunn/fzf,v0.72.0,v0.71.0,2026-04-26T09:09:58Z,ok,26,26,0,499.83,https://github.com/junegunn/fzf/releases/tag/v0.72.0
junegunn/fzf,v0.73.0,v0.72.0,2026-05-23T15:19:24Z,ok,19,19,0,512.65,https://github.com/junegunn/fzf/releases/tag/v0.73.0
junegunn/fzf,v0.73.1,v0.73.0,2026-05-25T05:37:25Z,ok,6,6,0,37.63,https://github.com/junegunn/fzf/releases/tag/v0.73.1
junegunn/fzf,v0.74.0,v0.73.1,2026-07-06T13:33:58Z,ok,35,35,0,1015.91,https://github.com/junegunn/fzf/releases/tag/v0.74.0
junegunn/fzf,v0.74.1,v0.74.0,2026-07-18T12:54:00Z,ok,14,14,0,209.49,https://github.com/junegunn/fzf/releases/tag/v0.74.1
junegunn/fzf,v0.74.2,v0.74.1,2026-08-01T00:17:03Z,ok,25,25,0,304.64,https://github.com/junegunn/fzf/releases/tag/v0.74.2
junegunn/fzf,v0.74.3,v0.74.2,2026-08-17T03:10:34Z,ok,17,17,0,230.13,https://github.com/junegunn/fzf/releases/tag/v0.74.3
junegunn/fzf,v0.74.4,v0.74.3,2026-09-12T00:24:35Z,ok,19,19,0,523.94,https://github.com/junegunn/fzf/releases/tag/v0.74.4
langflow-ai/langflow,1.6.2,1.6.0,2025-10-03T00:44:31Z,ok,9,9,0,51.87,https://github.com/langflow-ai/langflow/releases/tag/1.6.2
langflow-ai/langflow,1.6.1,1.6.2,2025-10-03T01:16:22Z,ok,0,0,0,,https://github.com/langflow-ai/langflow/releases/tag/1.6.1
langflow-ai/langflow,1.6.3,1.6.1,2025-10-03T04:02:38Z,ok,3,3,0,5.36,https://github.com/langflow-ai/langflow/releases/tag/1.6.3
langflow-ai/langflow,1.6.4,1.6.3,2025-10-07T16:54:04Z,ok,2,2,0,14.58,https://github.com/langflow-ai/langflow/releases/tag/1.6.4
langflow-ai/langflow,1.6.5,1.6.4,2025-10-21T00:13:42Z,ok,7,7,0,267.15,https://github.com/langflow-ai/langflow/releases/tag/1.6.5
langflow-ai/langflow,1.6.6,1.6.5,2025-11-11T22:12:21Z,ok,2,2,0,525.51,https://github.com/langflow-ai/langflow/releases/tag/1.6.6
langflow-ai/langflow,1.6.7,1.6.6,2025-11-13T19:44:20Z,ok,2,2,0,1.06,https://github.com/langflow-ai/langflow/releases/tag/1.6.7
langflow-ai/langflow,1.6.8,1.6.7,2025-11-17T14:24:33Z,ok,5,5,0,69.08,https://github.com/langflow-ai/langflow/releases/tag/1.6.8
langflow-ai/langflow,1.6.9,1.6.8,2025-11-25T10:15:19Z,ok,3,3,0,15.1,https://github.com/langflow-ai/langflow/releases/tag/1.6.9
langflow-ai/langflow,1.7.0,1.6.9,2025-12-18T18:17:33Z,ok,456,456,0,2711.62,https://github.com/langflow-ai/langflow/releases/tag/1.7.0
langflow-ai/langflow,1.7.1,1.7.0,2025-12-19T21:16:08Z,ok,3,3,0,6.4,https://github.com/langflow-ai/langflow/releases/tag/1.7.1
langflow-ai/langflow,1.7.2,1.7.1,2026-01-07T18:20:48Z,ok,180,180,0,1035.45,https://github.com/langflow-ai/langflow/releases/tag/1.7.2
langflow-ai/langflow,1.7.3,1.7.2,2026-01-23T01:05:07Z,ok,108,108,0,1402.19,https://github.com/langflow-ai/langflow/releases/tag/1.7.3
langflow-ai/langflow,v1.8.0,1.7.3,2026-03-05T21:36:36Z,ok,374,374,0,2406.71,https://github.com/langflow-ai/langflow/releases/tag/v1.8.0
langflow-ai/langflow,v1.8.1,v1.8.0,2026-03-13T16:26:21Z,ok,9,9,0,69.91,https://github.com/langflow-ai/langflow/releases/tag/v1.8.1
langflow-ai/langflow,v1.8.2,v1.8.1,2026-03-20T16:44:40Z,ok,4,4,0,26.01,https://github.com/langflow-ai/langflow/releases/tag/v1.8.2
langflow-ai/langflow,v1.8.3,v1.8.2,2026-03-26T18:29:48Z,ok,6,6,0,22.68,https://github.com/langflow-ai/langflow/releases/tag/v1.8.3
langflow-ai/langflow,v1.8.4,v1.8.3,2026-04-07T16:26:21Z,ok,3,3,0,164.6,https://github.com/langflow-ai/langflow/releases/tag/v1.8.4
langflow-ai/langflow,v1.9.0,v1.8.4,2026-04-14T22:39:46Z,ok,303,303,0,1037.16,https://github.com/langflow-ai/langflow/releases/tag/v1.9.0
langflow-ai/langflow,v1.9.1,v1.9.0,2026-04-24T00:34:31Z,ok,110,110,0,1254.24,https://github.com/langflow-ai/langflow/releases/tag/v1.9.1
langflow-ai/langflow,v1.9.2,v1.9.1,2026-05-01T18:57:37Z,ok,12,12,0,100.96,https://github.com/langflow-ai/langflow/releases/tag/v1.9.2
langflow-ai/langflow,v1.9.3,v1.9.2,2026-05-15T18:25:04Z,ok,19,19,0,431.3,https://github.com/langflow-ai/langflow/releases/tag/v1.9.3
langflow-ai/langflow,v1.9.4,v1.9.3,2026-05-26T19:18:19Z,ok,30,30,0,147.99,https://github.com/langflow-ai/langflow/releases/tag/v1.9.4
langflow-ai/langflow,v1.9.5,v1.9.4,2026-05-29T14:25:27Z,ok,4,4,0,47.31,https://github.com/langflow-ai/langflow/releases/tag/v1.9.5
langflow-ai/langflow,v1.9.6,v1.9.5,2026-06-02T16:34:50Z,ok,3,3,0,94.02,https://github.com/langflow-ai/langflow/releases/tag/v1.9.6
langflow-ai/langflow,v1.10.0,v1.9.6,2026-06-09T18:47:59Z,ok,364,364,0,1335.05,https://github.com/langflow-ai/langflow/releases/tag/v1.10.0
langflow-ai/langflow,v1.10.1,v1.10.0,2026-06-23T23:49:37Z,ok,106,106,0,955.81,https://github.com/langflow-ai/langflow/releases/tag/v1.10.1
langflow-ai/langflow,v1.10.2,v1.10.1,2026-07-07T20:40:40Z,ok,18,18,0,310.1,https://github.com/langflow-ai/langflow/releases/tag/v1.10.2
langflow-ai/langflow,v1.11.0,v1.10.2,2026-07-23T01:58:39Z,ok,261,261,0,1037.49,https://github.com/langflow-ai/langflow/releases/tag/v1.11.0
langflow-ai/langflow,v1.10.3,v1.11.0,2026-07-23T16:08:25Z,ok,31,31,0,235.15,https://github.com/langflow-ai/langflow/releases/tag/v1.10.3
langflow-ai/langflow,v1.11.1,v1.10.3,2026-07-28T21:44:22Z,ok,279,279,0,1177.26,https://github.com/langflow-ai/langflow/releases/tag/v1.11.1
langflow-ai/langflow,v1.11.2,v1.11.1,2026-08-04T17:30:50Z,ok,48,48,0,195.59,https://github.com/langflow-ai/langflow/releases/tag/v1.11.2
langflow-ai/langflow,v1.11.3,v1.11.2,2026-08-11T23:14:46Z,ok,26,26,0,124.13,https://github.com/langflow-ai/langflow/releases/tag/v1.11.3
langflow-ai/langflow,v1.11.4,v1.11.3,2026-08-19T00:01:21Z,ok,45,45,0,1004.0,https://github.com/langflow-ai/langflow/releases/tag/v1.11.4
langflow-ai/langflow,v1.11.5,v1.11.4,2026-08-25T15:35:11Z,ok,13,13,0,159.51,https://github.com/langflow-ai/langflow/releases/tag/v1.11.5
langflow-ai/langflow,v1.11.6,v1.11.5,2026-09-01T02:21:38Z,ok,3,3,0,3.07,https://github.com/langflow-ai/langflow/releases/tag/v1.11.6
langflow-ai/langflow,v1.12.0,v1.11.6,2026-09-01T21:16:20Z,ok,388,388,0,1011.64,https://github.com/langflow-ai/langflow/releases/tag/v1.12.0
langflow-ai/langflow,v1.12.1,v1.12.0,2026-09-08T23:25:58Z,ok,24,24,0,338.12,https://github.com/langflow-ai/langflow/releases/tag/v1.12.1
langflow-ai/langflow,v1.12.2,v1.12.1,2026-09-16T00:53:27Z,ok,35,35,0,166.22,https://github.com/langflow-ai/langflow/releases/tag/v1.12.2
langflow-ai/langflow,v1.12.3,v1.12.2,2026-09-22T21:22:32Z,ok,54,54,0,163.83,https://github.com/langflow-ai/langflow/releases/tag/v1.12.3
langflow-ai/langflow,v1.12.4,v1.12.3,2026-09-29T20:14:34Z,ok,41,41,0,149.46,https://github.com/langflow-ai/langflow/releases/tag/v1.12.4
laravel/laravel,v12.6.0,v12.5.0,2025-10-07T14:49:04Z,ok,5,5,0,172.2,https://github.com/laravel/laravel/releases/tag/v12.6.0
laravel/laravel,v12.7.0,v12.6.0,2025-10-14T14:11:38Z,ok,3,3,0,167.37,https://github.com/laravel/laravel/releases/tag/v12.7.0
laravel/laravel,v12.7.1,v12.7.0,2025-10-15T12:57:40Z,ok,3,3,0,22.76,https://github.com/laravel/laravel/releases/tag/v12.7.1
laravel/laravel,v12.8.0,v12.7.1,2025-10-21T15:24:35Z,ok,4,4,0,146.44,https://github.com/laravel/laravel/releases/tag/v12.8.0
laravel/laravel,v12.9.0,v12.8.0,2025-10-21T15:28:02Z,ok,2,2,0,0.05,https://github.com/laravel/laravel/releases/tag/v12.9.0
laravel/laravel,v12.9.1,v12.9.0,2025-10-28T15:32:34Z,ok,3,3,0,168.07,https://github.com/laravel/laravel/releases/tag/v12.9.1
laravel/laravel,v12.10.0,v12.9.1,2025-11-04T15:48:59Z,ok,3,3,0,168.27,https://github.com/laravel/laravel/releases/tag/v12.10.0
laravel/laravel,v12.10.1,v12.10.0,2025-11-12T17:01:30Z,ok,2,2,0,193.2,https://github.com/laravel/laravel/releases/tag/v12.10.1
laravel/laravel,v12.11.0,v12.10.1,2025-12-09T16:03:08Z,ok,4,4,0,647.02,https://github.com/laravel/laravel/releases/tag/v12.11.0
laravel/laravel,v12.11.1,v12.11.0,2026-01-06T16:32:57Z,ok,3,3,0,672.49,https://github.com/laravel/laravel/releases/tag/v12.11.1
laravel/laravel,v12.11.2,v12.11.1,2026-01-20T17:30:33Z,ok,7,7,0,336.95,https://github.com/laravel/laravel/releases/tag/v12.11.2
laravel/laravel,v12.12.0,v12.11.2,2026-03-10T16:17:31Z,ok,5,5,0,1174.78,https://github.com/laravel/laravel/releases/tag/v12.12.0
laravel/laravel,v12.12.1,v12.12.0,2026-03-10T20:25:08Z,ok,2,2,0,4.12,https://github.com/laravel/laravel/releases/tag/v12.12.1
laravel/laravel,v12.12.2,v12.12.1,2026-03-14T16:54:27Z,ok,3,3,0,92.48,https://github.com/laravel/laravel/releases/tag/v12.12.2
laravel/laravel,v13.0.0,v12.12.2,2026-03-17T15:04:41Z,ok,16,16,0,4147.13,https://github.com/laravel/laravel/releases/tag/v13.0.0
laravel/laravel,v13.1.0,v13.0.0,2026-03-18T16:32:57Z,ok,2,2,0,23.86,https://github.com/laravel/laravel/releases/tag/v13.1.0
laravel/laravel,v13.1.1,v13.1.0,2026-03-31T13:50:03Z,ok,3,3,0,309.28,https://github.com/laravel/laravel/releases/tag/v13.1.1
laravel/laravel,v13.1.2,v13.1.1,2026-03-31T20:43:16Z,ok,4,4,0,6.88,https://github.com/laravel/laravel/releases/tag/v13.1.2
laravel/laravel,v13.2.0,v13.1.2,2026-04-14T14:39:19Z,ok,5,5,0,329.93,https://github.com/laravel/laravel/releases/tag/v13.2.0
laravel/laravel,v13.3.0,v13.2.0,2026-04-21T14:20:01Z,ok,5,5,0,167.67,https://github.com/laravel/laravel/releases/tag/v13.3.0
laravel/laravel,v13.4.0,v13.3.0,2026-04-28T17:28:15Z,ok,3,3,0,171.13,https://github.com/laravel/laravel/releases/tag/v13.4.0
laravel/laravel,v13.5.0,v13.4.0,2026-05-05T21:20:54Z,ok,2,2,0,171.87,https://github.com/laravel/laravel/releases/tag/v13.5.0
laravel/laravel,v13.6.0,v13.5.0,2026-05-13T15:50:50Z,ok,3,3,0,186.49,https://github.com/laravel/laravel/releases/tag/v13.6.0
laravel/laravel,v13.7.0,v13.6.0,2026-05-19T18:44:37Z,ok,3,3,0,146.89,https://github.com/laravel/laravel/releases/tag/v13.7.0
laravel/laravel,v13.8.0,v13.7.0,2026-05-27T04:02:35Z,ok,4,4,0,177.29,https://github.com/laravel/laravel/releases/tag/v13.8.0
laravel/laravel,v13.9.0,v13.8.0,2026-08-12T04:30:57Z,ok,22,22,0,1848.47,https://github.com/laravel/laravel/releases/tag/v13.9.0
laravel/laravel,v13.10.0,v13.9.0,2026-08-18T13:44:56Z,ok,3,3,0,153.23,https://github.com/laravel/laravel/releases/tag/v13.10.0
laravel/laravel,v13.10.1,v13.10.0,2026-08-25T16:27:17Z,ok,3,3,0,170.7,https://github.com/laravel/laravel/releases/tag/v13.10.1
mattpocock/skills,mattpocock-skills@1.0.0,,2026-06-17T14:45:43Z,sem_anterior,,0,0,,https://github.com/mattpocock/skills/releases/tag/mattpocock-skills%401.0.0
mattpocock/skills,v1.0.0,mattpocock-skills@1.0.0,2026-06-17T14:46:57Z,ok,1,1,0,0.01,https://github.com/mattpocock/skills/releases/tag/v1.0.0
mattpocock/skills,v1.0.1,v1.0.0,2026-06-17T22:07:52Z,ok,4,4,0,0.83,https://github.com/mattpocock/skills/releases/tag/v1.0.1
mattpocock/skills,v1.1.0,v1.0.1,2026-07-08T13:20:57Z,ok,139,139,0,484.66,https://github.com/mattpocock/skills/releases/tag/v1.1.0
mattpocock/skills,v1.2.0,v1.1.0,2026-08-05T12:37:40Z,ok,124,124,0,646.73,https://github.com/mattpocock/skills/releases/tag/v1.2.0
mattpocock/skills,v1.2.2,v1.2.0,2026-08-05T18:10:19Z,ok,9,9,0,3.63,https://github.com/mattpocock/skills/releases/tag/v1.2.2
mattpocock/skills,v1.2.3,v1.2.2,2026-08-06T14:05:28Z,ok,11,11,0,5.83,https://github.com/mattpocock/skills/releases/tag/v1.2.3
microsoft/PowerToys,v0.95.0,v0.94.2,2025-10-15T23:22:55Z,ok,164,164,0,1227.57,https://github.com/microsoft/PowerToys/releases/tag/v0.95.0
microsoft/PowerToys,v0.95.1,v0.95.0,2025-10-23T16:06:23Z,ok,5,5,0,160.44,https://github.com/microsoft/PowerToys/releases/tag/v0.95.1
microsoft/PowerToys,v0.96.0,v0.95.1,2025-11-19T08:25:41Z,ok,148,148,0,956.99,https://github.com/microsoft/PowerToys/releases/tag/v0.96.0
microsoft/PowerToys,v0.96.1,v0.96.0,2025-11-26T10:12:05Z,ok,5,5,0,152.24,https://github.com/microsoft/PowerToys/releases/tag/v0.96.1
microsoft/PowerToys,v0.97.0,v0.96.1,2026-01-20T11:19:15Z,ok,192,192,0,1635.03,https://github.com/microsoft/PowerToys/releases/tag/v0.97.0
microsoft/PowerToys,v0.97.1,v0.97.0,2026-01-28T07:04:21Z,ok,11,11,0,132.65,https://github.com/microsoft/PowerToys/releases/tag/v0.97.1
microsoft/PowerToys,v0.97.2,v0.97.1,2026-02-10T07:37:29Z,ok,9,9,0,198.04,https://github.com/microsoft/PowerToys/releases/tag/v0.97.2
microsoft/PowerToys,v0.98.0,v0.97.2,2026-03-17T17:36:21Z,ok,227,227,0,1435.62,https://github.com/microsoft/PowerToys/releases/tag/v0.98.0
microsoft/PowerToys,v0.98.1,v0.98.0,2026-03-26T20:08:39Z,ok,34,34,0,232.68,https://github.com/microsoft/PowerToys/releases/tag/v0.98.1
microsoft/PowerToys,v0.99.0,v0.98.1,2026-04-28T05:49:00Z,ok,168,168,0,2426.44,https://github.com/microsoft/PowerToys/releases/tag/v0.99.0
microsoft/PowerToys,v0.99.1,v0.99.0,2026-04-29T13:39:54Z,ok,10,10,0,31.64,https://github.com/microsoft/PowerToys/releases/tag/v0.99.1
microsoft/PowerToys,v0.100.0,v0.99.1,2026-06-10T04:21:04Z,ok,167,167,0,993.89,https://github.com/microsoft/PowerToys/releases/tag/v0.100.0
microsoft/PowerToys,v0.100.1,v0.100.0,2026-06-24T09:46:51Z,ok,14,14,0,219.56,https://github.com/microsoft/PowerToys/releases/tag/v0.100.1
microsoft/PowerToys,v0.100.2,v0.100.1,2026-06-26T10:12:02Z,ok,2,2,0,38.85,https://github.com/microsoft/PowerToys/releases/tag/v0.100.2
microsoft/PowerToys,v0.101.2362.0,v0.100.2,2026-08-25T08:34:52Z,ok,323,323,0,1826.67,https://github.com/microsoft/PowerToys/releases/tag/v0.101.2362.0
microsoft/terminal,v1.23.12811.0,v1.23.12681.0,2025-10-13T23:25:22Z,ok,4,4,0,314.32,https://github.com/microsoft/terminal/releases/tag/v1.23.12811.0
microsoft/terminal,v1.23.13503.0,v1.23.12811.0,2025-12-17T23:42:36Z,ok,14,14,0,2713.87,https://github.com/microsoft/terminal/releases/tag/v1.23.13503.0
microsoft/terminal,v1.23.20211.0,v1.23.13503.0,2026-01-24T00:01:18Z,ok,11,11,0,6606.76,https://github.com/microsoft/terminal/releases/tag/v1.23.20211.0
microsoft/terminal,v1.24.10621.0,v1.23.20211.0,2026-03-05T21:34:24Z,ok,238,238,0,9481.95,https://github.com/microsoft/terminal/releases/tag/v1.24.10621.0
microsoft/terminal,v1.24.10921.0,v1.24.10621.0,2026-04-03T23:39:36Z,ok,13,13,0,696.92,https://github.com/microsoft/terminal/releases/tag/v1.24.10921.0
microsoft/terminal,v1.24.11321.0,v1.24.10921.0,2026-05-13T21:14:56Z,ok,16,16,0,1532.11,https://github.com/microsoft/terminal/releases/tag/v1.24.11321.0
microsoft/terminal,v1.24.11911.0,v1.24.11321.0,2026-07-16T21:56:12Z,ok,10,10,0,1993.28,https://github.com/microsoft/terminal/releases/tag/v1.24.11911.0
microsoft/terminal,v1.24.12741.0,v1.24.11911.0,2026-10-02T20:27:19Z,ok,19,19,0,2446.57,https://github.com/microsoft/terminal/releases/tag/v1.24.12741.0
microsoft/terminal,v1.25.2733.0,v1.24.12741.0,2026-10-02T20:27:27Z,ok,260,260,0,9670.41,https://github.com/microsoft/terminal/releases/tag/v1.25.2733.0
modelcontextprotocol/servers,2025.11.25,2025.9.25,2025-11-25T19:03:57Z,ok,235,235,0,3200.44,https://github.com/modelcontextprotocol/servers/releases/tag/2025.11.25
modelcontextprotocol/servers,2025.12.18,2025.11.25,2025-12-18T16:33:28Z,ok,98,98,0,598.16,https://github.com/modelcontextprotocol/servers/releases/tag/2025.12.18
modelcontextprotocol/servers,2026.1.14,2025.12.18,2026-01-14T16:35:35Z,ok,97,97,0,1001.98,https://github.com/modelcontextprotocol/servers/releases/tag/2026.1.14
modelcontextprotocol/servers,2026.1.26,2026.1.14,2026-01-27T12:11:26Z,ok,25,25,0,431.21,https://github.com/modelcontextprotocol/servers/releases/tag/2026.1.26
modelcontextprotocol/servers,2026.7.4,2026.1.26,2026-07-04T23:05:56Z,ok,113,113,0,7556.36,https://github.com/modelcontextprotocol/servers/releases/tag/2026.7.4
modelcontextprotocol/servers,2026.7.10,2026.7.4,2026-07-10T03:39:07Z,ok,9,9,0,1308.26,https://github.com/modelcontextprotocol/servers/releases/tag/2026.7.10
modelcontextprotocol/servers,2026.8.18,2026.7.10,2026-08-18T16:16:12Z,ok,24,24,0,4956.01,https://github.com/modelcontextprotocol/servers/releases/tag/2026.8.18
modelcontextprotocol/servers,2026.8.31,2026.8.18,2026-08-31T20:34:32Z,ok,15,15,0,90.29,https://github.com/modelcontextprotocol/servers/releases/tag/2026.8.31
mrdoob/three.js,r181,r180,2025-11-19T04:42:16Z,ok,320,320,0,1840.06,https://github.com/mrdoob/three.js/releases/tag/r181
mrdoob/three.js,r182,r181,2025-12-10T16:46:04Z,ok,281,281,0,961.77,https://github.com/mrdoob/three.js/releases/tag/r182
mrdoob/three.js,r183,r182,2026-02-20T15:31:38Z,ok,390,390,0,1724.75,https://github.com/mrdoob/three.js/releases/tag/r183
mrdoob/three.js,r184,r183,2026-04-16T16:49:08Z,ok,266,266,0,1322.43,https://github.com/mrdoob/three.js/releases/tag/r184
mrdoob/three.js,r185,r184,2026-07-01T23:22:26Z,ok,393,393,0,1824.43,https://github.com/mrdoob/three.js/releases/tag/r185
mrdoob/three.js,r186,r185,2026-09-24T14:35:44Z,ok,456,456,0,2188.16,https://github.com/mrdoob/three.js/releases/tag/r186
NationalSecurityAgency/ghidra,Ghidra_11.4.3_build,Ghidra_11.4.2_build,2025-12-03T18:27:34Z,ok,38,38,0,2662.5,https://github.com/NationalSecurityAgency/ghidra/releases/tag/Ghidra_11.4.3_build
NationalSecurityAgency/ghidra,Ghidra_12.0_build,Ghidra_11.4.3_build,2025-12-08T18:41:17Z,ok,811,811,0,49489.72,https://github.com/NationalSecurityAgency/ghidra/releases/tag/Ghidra_12.0_build
NationalSecurityAgency/ghidra,Ghidra_12.0.1_build,Ghidra_12.0_build,2026-01-15T10:15:50Z,ok,93,93,0,8296.66,https://github.com/NationalSecurityAgency/ghidra/releases/tag/Ghidra_12.0.1_build
NationalSecurityAgency/ghidra,Ghidra_12.0.2_build,Ghidra_12.0.1_build,2026-01-30T18:13:31Z,ok,43,43,0,17336.9,https://github.com/NationalSecurityAgency/ghidra/releases/tag/Ghidra_12.0.2_build
NationalSecurityAgency/ghidra,Ghidra_12.0.3_build,Ghidra_12.0.2_build,2026-02-11T10:30:37Z,ok,37,37,0,16155.29,https://github.com/NationalSecurityAgency/ghidra/releases/tag/Ghidra_12.0.3_build
NationalSecurityAgency/ghidra,Ghidra_12.0.4_build,Ghidra_12.0.3_build,2026-03-04T09:55:58Z,ok,59,59,0,16157.88,https://github.com/NationalSecurityAgency/ghidra/releases/tag/Ghidra_12.0.4_build
NationalSecurityAgency/ghidra,Ghidra_12.1_build,Ghidra_12.0.4_build,2026-05-13T19:48:27Z,ok,972,972,0,52238.01,https://github.com/NationalSecurityAgency/ghidra/releases/tag/Ghidra_12.1_build
NationalSecurityAgency/ghidra,Ghidra_12.1.2_build,Ghidra_12.1_build,2026-06-05T18:24:35Z,ok,73,73,0,6623.3,https://github.com/NationalSecurityAgency/ghidra/releases/tag/Ghidra_12.1.2_build
NationalSecurityAgency/ghidra,Ghidra_12.1.3_build,Ghidra_12.1.2_build,2026-08-18T16:19:52Z,ok,185,185,0,20170.73,https://github.com/NationalSecurityAgency/ghidra/releases/tag/Ghidra_12.1.3_build
NationalSecurityAgency/ghidra,Ghidra_12.1.4_build,Ghidra_12.1.3_build,2026-09-21T17:38:59Z,ok,58,58,0,20458.61,https://github.com/NationalSecurityAgency/ghidra/releases/tag/Ghidra_12.1.4_build
nextlevelbuilder/ui-ux-pro-max-skill,v1.0.0,,2025-12-02T12:11:28Z,sem_anterior,,0,0,,https://github.com/nextlevelbuilder/ui-ux-pro-max-skill/releases/tag/v1.0.0
nextlevelbuilder/ui-ux-pro-max-skill,v1.0.1,v1.0.0,2025-12-03T03:34:39Z,ok,6,6,0,15.19,https://github.com/nextlevelbuilder/ui-ux-pro-max-skill/releases/tag/v1.0.1
nextlevelbuilder/ui-ux-pro-max-skill,v1.2.0,v1.0.1,2025-12-03T08:21:51Z,ok,6,6,0,4.58,https://github.com/nextlevelbuilder/ui-ux-pro-max-skill/releases/tag/v1.2.0
nextlevelbuilder/ui-ux-pro-max-skill,v1.2.1,v1.2.0,2026-01-08T12:36:58Z,ok,16,16,0,814.78,https://github.com/nextlevelbuilder/ui-ux-pro-max-skill/releases/tag/v1.2.1
nextlevelbuilder/ui-ux-pro-max-skill,v1.2.2,v1.2.1,2026-01-09T04:18:54Z,ok,2,2,0,3.0,https://github.com/nextlevelbuilder/ui-ux-pro-max-skill/releases/tag/v1.2.2
nextlevelbuilder/ui-ux-pro-max-skill,v1.8.0,v1.2.2,2026-01-14T15:56:59Z,ok,7,7,0,131.44,https://github.com/nextlevelbuilder/ui-ux-pro-max-skill/releases/tag/v1.8.0
nextlevelbuilder/ui-ux-pro-max-skill,v1.9.0,v1.8.0,2026-01-16T01:03:00Z,ok,5,5,0,18.12,https://github.com/nextlevelbuilder/ui-ux-pro-max-skill/releases/tag/v1.9.0
nextlevelbuilder/ui-ux-pro-max-skill,v2.0.0,v1.9.0,2026-01-16T03:47:04Z,ok,3,3,0,2.7,https://github.com/nextlevelbuilder/ui-ux-pro-max-skill/releases/tag/v2.0.0
nextlevelbuilder/ui-ux-pro-max-skill,v2.1.0,v2.0.0,2026-01-18T16:26:37Z,ok,10,10,0,60.5,https://github.com/nextlevelbuilder/ui-ux-pro-max-skill/releases/tag/v2.1.0
nextlevelbuilder/ui-ux-pro-max-skill,v2.1.1,v2.1.0,2026-01-19T13:22:24Z,ok,3,3,0,0.05,https://github.com/nextlevelbuilder/ui-ux-pro-max-skill/releases/tag/v2.1.1
nextlevelbuilder/ui-ux-pro-max-skill,v2.1.2,v2.1.1,2026-01-20T12:45:18Z,ok,3,3,0,6.87,https://github.com/nextlevelbuilder/ui-ux-pro-max-skill/releases/tag/v2.1.2
nextlevelbuilder/ui-ux-pro-max-skill,v2.1.3,v2.1.2,2026-01-21T03:09:08Z,ok,2,2,0,0.06,https://github.com/nextlevelbuilder/ui-ux-pro-max-skill/releases/tag/v2.1.3
nextlevelbuilder/ui-ux-pro-max-skill,v2.2.0,v2.1.3,2026-01-22T15:06:35Z,ok,2,2,0,2.07,https://github.com/nextlevelbuilder/ui-ux-pro-max-skill/releases/tag/v2.2.0
nextlevelbuilder/ui-ux-pro-max-skill,v2.2.1,v2.2.0,2026-01-26T01:53:08Z,ok,6,6,0,82.53,https://github.com/nextlevelbuilder/ui-ux-pro-max-skill/releases/tag/v2.2.1
nextlevelbuilder/ui-ux-pro-max-skill,v2.3.0,v2.2.1,2026-03-10T05:16:59Z,ok,23,23,0,1035.35,https://github.com/nextlevelbuilder/ui-ux-pro-max-skill/releases/tag/v2.3.0
nextlevelbuilder/ui-ux-pro-max-skill,v2.4.0,v2.3.0,2026-03-10T05:42:10Z,ok,8,8,0,98.84,https://github.com/nextlevelbuilder/ui-ux-pro-max-skill/releases/tag/v2.4.0
nextlevelbuilder/ui-ux-pro-max-skill,v2.5.0,v2.4.0,2026-03-10T06:05:57Z,ok,3,3,0,0.03,https://github.com/nextlevelbuilder/ui-ux-pro-max-skill/releases/tag/v2.5.0
nextlevelbuilder/ui-ux-pro-max-skill,v2.6.0,v2.5.0,2026-06-22T11:41:34Z,ok,37,37,0,2377.55,https://github.com/nextlevelbuilder/ui-ux-pro-max-skill/releases/tag/v2.6.0
nextlevelbuilder/ui-ux-pro-max-skill,v2.6.1,v2.6.0,2026-06-22T17:35:05Z,ok,1,1,0,0.01,https://github.com/nextlevelbuilder/ui-ux-pro-max-skill/releases/tag/v2.6.1
nextlevelbuilder/ui-ux-pro-max-skill,v2.6.2,v2.6.1,2026-06-22T18:17:53Z,ok,1,1,0,0.01,https://github.com/nextlevelbuilder/ui-ux-pro-max-skill/releases/tag/v2.6.2
nextlevelbuilder/ui-ux-pro-max-skill,v2.6.3,v2.6.2,2026-06-24T01:04:32Z,ok,2,2,0,19.06,https://github.com/nextlevelbuilder/ui-ux-pro-max-skill/releases/tag/v2.6.3
nextlevelbuilder/ui-ux-pro-max-skill,v2.6.4,v2.6.3,2026-06-24T12:08:29Z,ok,1,1,0,0.01,https://github.com/nextlevelbuilder/ui-ux-pro-max-skill/releases/tag/v2.6.4
nextlevelbuilder/ui-ux-pro-max-skill,v2.6.5,v2.6.4,2026-06-24T12:38:52Z,ok,1,1,0,0.01,https://github.com/nextlevelbuilder/ui-ux-pro-max-skill/releases/tag/v2.6.5
nextlevelbuilder/ui-ux-pro-max-skill,v2.7.0,v2.6.5,2026-06-25T01:39:55Z,ok,1,1,0,0.01,https://github.com/nextlevelbuilder/ui-ux-pro-max-skill/releases/tag/v2.7.0
nextlevelbuilder/ui-ux-pro-max-skill,v2.8.8,v2.7.0,2026-06-26T04:02:42Z,ok,11,11,0,22.13,https://github.com/nextlevelbuilder/ui-ux-pro-max-skill/releases/tag/v2.8.8
nextlevelbuilder/ui-ux-pro-max-skill,v2.9.0,v2.8.8,2026-06-26T23:56:00Z,ok,4,4,0,28.07,https://github.com/nextlevelbuilder/ui-ux-pro-max-skill/releases/tag/v2.9.0
nextlevelbuilder/ui-ux-pro-max-skill,v2.10.0,v2.9.0,2026-06-29T17:00:09Z,ok,2,2,0,38.55,https://github.com/nextlevelbuilder/ui-ux-pro-max-skill/releases/tag/v2.10.0
nextlevelbuilder/ui-ux-pro-max-skill,v2.10.1,v2.10.0,2026-07-04T02:25:20Z,ok,12,12,0,102.5,https://github.com/nextlevelbuilder/ui-ux-pro-max-skill/releases/tag/v2.10.1
nextlevelbuilder/ui-ux-pro-max-skill,v2.10.2,v2.10.1,2026-07-06T15:33:45Z,ok,1,1,0,0.01,https://github.com/nextlevelbuilder/ui-ux-pro-max-skill/releases/tag/v2.10.2
nextlevelbuilder/ui-ux-pro-max-skill,v2.11.0,v2.10.2,2026-07-13T09:30:50Z,ok,2,2,0,67.01,https://github.com/nextlevelbuilder/ui-ux-pro-max-skill/releases/tag/v2.11.0
nextlevelbuilder/ui-ux-pro-max-skill,v2.11.1,v2.11.0,2026-07-27T04:30:52Z,ok,10,10,0,555.1,https://github.com/nextlevelbuilder/ui-ux-pro-max-skill/releases/tag/v2.11.1
nextlevelbuilder/ui-ux-pro-max-skill,v2.11.2,v2.11.1,2026-07-27T06:31:02Z,ok,5,5,0,2.24,https://github.com/nextlevelbuilder/ui-ux-pro-max-skill/releases/tag/v2.11.2
nextlevelbuilder/ui-ux-pro-max-skill,v2.11.3,v2.11.2,2026-07-28T05:00:43Z,ok,1,1,0,0.01,https://github.com/nextlevelbuilder/ui-ux-pro-max-skill/releases/tag/v2.11.3
nextlevelbuilder/ui-ux-pro-max-skill,v2.11.4,v2.11.3,2026-07-31T11:00:50Z,ok,1,1,0,0.01,https://github.com/nextlevelbuilder/ui-ux-pro-max-skill/releases/tag/v2.11.4
nextlevelbuilder/ui-ux-pro-max-skill,v2.11.5,v2.11.4,2026-07-31T16:03:13Z,ok,1,1,0,0.01,https://github.com/nextlevelbuilder/ui-ux-pro-max-skill/releases/tag/v2.11.5
nextlevelbuilder/ui-ux-pro-max-skill,v2.12.0,v2.11.5,2026-08-01T01:29:59Z,ok,1,1,0,0.01,https://github.com/nextlevelbuilder/ui-ux-pro-max-skill/releases/tag/v2.12.0
nextlevelbuilder/ui-ux-pro-max-skill,v2.13.0,v2.12.0,2026-08-03T12:31:32Z,ok,1,1,0,0.01,https://github.com/nextlevelbuilder/ui-ux-pro-max-skill/releases/tag/v2.13.0
nextlevelbuilder/ui-ux-pro-max-skill,v2.14.0,v2.13.0,2026-08-06T01:02:51Z,ok,1,1,0,0.01,https://github.com/nextlevelbuilder/ui-ux-pro-max-skill/releases/tag/v2.14.0
nextlevelbuilder/ui-ux-pro-max-skill,v2.14.1,v2.14.0,2026-08-06T01:29:34Z,ok,1,1,0,0.01,https://github.com/nextlevelbuilder/ui-ux-pro-max-skill/releases/tag/v2.14.1
nextlevelbuilder/ui-ux-pro-max-skill,v2.14.2,v2.14.1,2026-08-12T09:35:02Z,ok,1,1,0,0.01,https://github.com/nextlevelbuilder/ui-ux-pro-max-skill/releases/tag/v2.14.2
nextlevelbuilder/ui-ux-pro-max-skill,v2.15.0,v2.14.2,2026-08-13T17:10:40Z,ok,3,3,0,31.45,https://github.com/nextlevelbuilder/ui-ux-pro-max-skill/releases/tag/v2.15.0
NousResearch/hermes-agent,v2026.3.12,,2026-03-12T10:07:34Z,sem_anterior,,0,0,,https://github.com/NousResearch/hermes-agent/releases/tag/v2026.3.12
NousResearch/hermes-agent,v2026.3.17,v2026.3.12,2026-03-17T07:56:07Z,ok,658,658,0,330.65,https://github.com/NousResearch/hermes-agent/releases/tag/v2026.3.17
NousResearch/hermes-agent,v2026.3.23,v2026.3.17,2026-03-24T05:34:23Z,ok,542,542,0,185.15,https://github.com/NousResearch/hermes-agent/releases/tag/v2026.3.23
NousResearch/hermes-agent,v2026.3.28,v2026.3.23,2026-03-28T20:12:05Z,ok,188,188,0,145.83,https://github.com/NousResearch/hermes-agent/releases/tag/v2026.3.28
NousResearch/hermes-agent,v2026.3.30,v2026.3.28,2026-03-30T15:30:14Z,ok,141,141,0,43.04,https://github.com/NousResearch/hermes-agent/releases/tag/v2026.3.30
NousResearch/hermes-agent,v2026.4.3,v2026.3.30,2026-04-03T18:15:29Z,ok,235,235,0,333.0,https://github.com/NousResearch/hermes-agent/releases/tag/v2026.4.3
NousResearch/hermes-agent,v2026.4.8,v2026.4.3,2026-04-08T11:56:44Z,ok,337,337,0,245.0,https://github.com/NousResearch/hermes-agent/releases/tag/v2026.4.8
NousResearch/hermes-agent,v2026.4.13,v2026.4.8,2026-04-13T18:52:41Z,ok,554,554,0,327.3,https://github.com/NousResearch/hermes-agent/releases/tag/v2026.4.13
NousResearch/hermes-agent,v2026.4.16,v2026.4.13,2026-04-16T19:53:25Z,ok,339,339,0,511.72,https://github.com/NousResearch/hermes-agent/releases/tag/v2026.4.16
NousResearch/hermes-agent,v2026.4.23,v2026.4.16,2026-04-23T22:32:13Z,ok,1219,1219,0,883.07,https://github.com/NousResearch/hermes-agent/releases/tag/v2026.4.23
NousResearch/hermes-agent,v2026.4.30,v2026.4.23,2026-04-30T18:31:21Z,ok,1150,1150,0,693.43,https://github.com/NousResearch/hermes-agent/releases/tag/v2026.4.30
NousResearch/hermes-agent,v2026.5.7,v2026.4.30,2026-05-07T16:23:08Z,ok,881,881,0,901.33,https://github.com/NousResearch/hermes-agent/releases/tag/v2026.5.7
NousResearch/hermes-agent,v2026.5.16,v2026.5.7,2026-05-16T09:59:15Z,ok,847,847,0,1430.59,https://github.com/NousResearch/hermes-agent/releases/tag/v2026.5.16
NousResearch/hermes-agent,v2026.5.28,v2026.5.16,2026-05-28T17:46:09Z,ok,1304,1304,0,1508.64,https://github.com/NousResearch/hermes-agent/releases/tag/v2026.5.28
NousResearch/hermes-agent,v2026.5.29,v2026.5.28,2026-05-29T01:12:15Z,ok,32,32,0,143.24,https://github.com/NousResearch/hermes-agent/releases/tag/v2026.5.29
NousResearch/hermes-agent,v2026.5.29.2,v2026.5.29,2026-05-29T13:37:26Z,ok,2,2,0,5.44,https://github.com/NousResearch/hermes-agent/releases/tag/v2026.5.29.2
NousResearch/hermes-agent,v2026.6.5,v2026.5.29.2,2026-06-06T00:55:58Z,ok,895,895,0,1376.42,https://github.com/NousResearch/hermes-agent/releases/tag/v2026.6.5
NousResearch/hermes-agent,v2026.6.19,v2026.6.5,2026-06-19T19:39:06Z,ok,1476,1476,0,1932.88,https://github.com/NousResearch/hermes-agent/releases/tag/v2026.6.19
NousResearch/hermes-agent,v2026.7.1,v2026.6.19,2026-07-01T20:08:06Z,ok,1953,1953,0,2089.05,https://github.com/NousResearch/hermes-agent/releases/tag/v2026.7.1
NousResearch/hermes-agent,v2026.7.7,v2026.7.1,2026-07-08T01:15:00Z,ok,710,710,0,2667.45,https://github.com/NousResearch/hermes-agent/releases/tag/v2026.7.7
NousResearch/hermes-agent,v2026.7.7.2,v2026.7.7,2026-07-08T03:11:22Z,ok,2,2,0,0.37,https://github.com/NousResearch/hermes-agent/releases/tag/v2026.7.7.2
NousResearch/hermes-agent,v2026.7.20,v2026.7.7.2,2026-07-20T18:35:55Z,ok,1687,1687,0,2529.22,https://github.com/NousResearch/hermes-agent/releases/tag/v2026.7.20
NousResearch/hermes-agent,v2026.7.30,v2026.7.20,2026-07-30T23:45:37Z,ok,3087,3087,0,2836.03,https://github.com/NousResearch/hermes-agent/releases/tag/v2026.7.30
NousResearch/hermes-agent,v2026.8.3,v2026.7.30,2026-08-03T16:57:52Z,ok,945,945,0,2875.93,https://github.com/NousResearch/hermes-agent/releases/tag/v2026.8.3
NousResearch/hermes-agent,v2026.8.13,v2026.8.3,2026-08-13T20:37:37Z,ok,1620,1620,0,2699.16,https://github.com/NousResearch/hermes-agent/releases/tag/v2026.8.13
NousResearch/hermes-agent,v2026.8.16,v2026.8.13,2026-08-16T17:33:22Z,ok,979,979,0,3111.37,https://github.com/NousResearch/hermes-agent/releases/tag/v2026.8.16
NousResearch/hermes-agent,v2026.8.16.2,v2026.8.16,2026-08-17T18:43:27Z,ok,258,258,0,2051.79,https://github.com/NousResearch/hermes-agent/releases/tag/v2026.8.16.2
NousResearch/hermes-agent,v2026.8.18,v2026.8.16.2,2026-08-18T07:26:46Z,ok,159,159,0,2234.43,https://github.com/NousResearch/hermes-agent/releases/tag/v2026.8.18
NousResearch/hermes-agent,v2026.8.19,v2026.8.18,2026-08-21T12:16:39Z,ok,804,804,0,2362.13,https://github.com/NousResearch/hermes-agent/releases/tag/v2026.8.19
NousResearch/hermes-agent,v2026.8.27,v2026.8.19,2026-08-27T12:06:53Z,ok,1376,1376,0,2501.89,https://github.com/NousResearch/hermes-agent/releases/tag/v2026.8.27
NousResearch/hermes-agent,v2026.8.31,v2026.8.27,2026-08-31T19:29:49Z,ok,911,911,0,2515.87,https://github.com/NousResearch/hermes-agent/releases/tag/v2026.8.31
NousResearch/hermes-agent,v2026.9.7,v2026.8.31,2026-09-07T22:17:01Z,ok,5995,5397,1,3070.78,https://github.com/NousResearch/hermes-agent/releases/tag/v2026.9.7
NousResearch/hermes-agent,v2026.9.11,v2026.9.7,2026-09-11T19:20:31Z,ok,986,986,0,2103.41,https://github.com/NousResearch/hermes-agent/releases/tag/v2026.9.11
NousResearch/hermes-agent,v2026.9.14,v2026.9.11,2026-09-14T16:04:14Z,ok,1039,1039,0,3791.16,https://github.com/NousResearch/hermes-agent/releases/tag/v2026.9.14
NousResearch/hermes-agent,v2026.9.21,v2026.9.14,2026-09-21T18:10:55Z,ok,5173,5173,0,3615.68,https://github.com/NousResearch/hermes-agent/releases/tag/v2026.9.21
NousResearch/hermes-agent,v2026.9.24,v2026.9.21,2026-09-24T10:09:38Z,ok,1638,1638,0,2460.88,https://github.com/NousResearch/hermes-agent/releases/tag/v2026.9.24
nvm-sh/nvm,v0.40.4,v0.40.3,2026-01-29T22:19:32Z,ok,38,38,0,53922.82,https://github.com/nvm-sh/nvm/releases/tag/v0.40.4
nvm-sh/nvm,v0.40.5,v0.40.4,2026-06-04T16:59:30Z,ok,48,48,0,2904.92,https://github.com/nvm-sh/nvm/releases/tag/v0.40.5
nvm-sh/nvm,v0.40.6,v0.40.5,2026-07-15T21:11:52Z,ok,40,40,0,30781.65,https://github.com/nvm-sh/nvm/releases/tag/v0.40.6
nvm-sh/nvm,v0.40.7,v0.40.6,2026-08-18T06:22:50Z,ok,9,9,0,800.34,https://github.com/nvm-sh/nvm/releases/tag/v0.40.7
nvm-sh/nvm,v0.40.8,v0.40.7,2026-09-21T02:26:02Z,ok,26,26,0,1439.02,https://github.com/nvm-sh/nvm/releases/tag/v0.40.8
open-webui/open-webui,v0.6.33,v0.6.32,2025-10-07T21:20:37Z,ok,6,6,0,199.41,https://github.com/open-webui/open-webui/releases/tag/v0.6.33
open-webui/open-webui,v0.6.34,v0.6.33,2025-10-16T16:55:58Z,ok,241,241,0,1293.8,https://github.com/open-webui/open-webui/releases/tag/v0.6.34
open-webui/open-webui,v0.6.35,v0.6.34,2025-11-06T18:40:57Z,ok,213,213,0,655.25,https://github.com/open-webui/open-webui/releases/tag/v0.6.35
open-webui/open-webui,v0.6.36,v0.6.35,2025-11-06T21:45:33Z,ok,15,15,0,2.46,https://github.com/open-webui/open-webui/releases/tag/v0.6.36
open-webui/open-webui,v0.6.37,v0.6.36,2025-11-24T03:10:18Z,ok,211,211,0,497.41,https://github.com/open-webui/open-webui/releases/tag/v0.6.37
open-webui/open-webui,v0.6.38,v0.6.37,2025-11-24T12:00:43Z,ok,13,13,0,8.74,https://github.com/open-webui/open-webui/releases/tag/v0.6.38
open-webui/open-webui,v0.6.39,v0.6.38,2025-11-25T10:31:47Z,ok,31,31,0,19.34,https://github.com/open-webui/open-webui/releases/tag/v0.6.39
open-webui/open-webui,v0.6.40,v0.6.39,2025-11-25T11:01:46Z,ok,7,7,0,0.32,https://github.com/open-webui/open-webui/releases/tag/v0.6.40
open-webui/open-webui,v0.6.41,v0.6.40,2025-12-02T22:28:58Z,ok,143,143,0,178.94,https://github.com/open-webui/open-webui/releases/tag/v0.6.41
open-webui/open-webui,v0.6.42,v0.6.41,2025-12-21T21:09:09Z,ok,168,168,0,452.17,https://github.com/open-webui/open-webui/releases/tag/v0.6.42
open-webui/open-webui,v0.6.43,v0.6.42,2025-12-22T06:03:45Z,ok,8,8,0,0.38,https://github.com/open-webui/open-webui/releases/tag/v0.6.43
open-webui/open-webui,v0.7.0,v0.6.43,2026-01-09T18:51:57Z,ok,222,222,0,440.23,https://github.com/open-webui/open-webui/releases/tag/v0.7.0
open-webui/open-webui,v0.7.1,v0.7.0,2026-01-09T20:57:55Z,ok,5,5,0,0.7,https://github.com/open-webui/open-webui/releases/tag/v0.7.1
open-webui/open-webui,v0.7.2,v0.7.1,2026-01-10T21:00:12Z,ok,14,14,0,12.38,https://github.com/open-webui/open-webui/releases/tag/v0.7.2
open-webui/open-webui,v0.8.0,v0.7.2,2026-02-12T23:42:36Z,ok,310,310,0,2273.12,https://github.com/open-webui/open-webui/releases/tag/v0.8.0
open-webui/open-webui,v0.8.1,v0.8.0,2026-02-14T00:04:22Z,ok,34,34,0,22.36,https://github.com/open-webui/open-webui/releases/tag/v0.8.1
open-webui/open-webui,v0.8.2,v0.8.1,2026-02-16T07:37:23Z,ok,34,34,0,55.19,https://github.com/open-webui/open-webui/releases/tag/v0.8.2
open-webui/open-webui,v0.8.3,v0.8.2,2026-02-17T07:25:56Z,ok,26,26,0,23.49,https://github.com/open-webui/open-webui/releases/tag/v0.8.3
open-webui/open-webui,v0.8.4,v0.8.3,2026-02-23T07:58:19Z,ok,125,125,0,108.86,https://github.com/open-webui/open-webui/releases/tag/v0.8.4
open-webui/open-webui,v0.8.5,v0.8.4,2026-02-23T09:26:34Z,ok,5,5,0,0.53,https://github.com/open-webui/open-webui/releases/tag/v0.8.5
open-webui/open-webui,v0.8.6,v0.8.5,2026-03-01T21:04:06Z,ok,167,167,0,151.27,https://github.com/open-webui/open-webui/releases/tag/v0.8.6
open-webui/open-webui,v0.8.7,v0.8.6,2026-03-02T01:14:18Z,ok,9,9,0,4.53,https://github.com/open-webui/open-webui/releases/tag/v0.8.7
open-webui/open-webui,v0.8.8,v0.8.7,2026-03-02T23:33:56Z,ok,27,27,0,6.16,https://github.com/open-webui/open-webui/releases/tag/v0.8.8
open-webui/open-webui,v0.8.9,v0.8.8,2026-03-08T02:56:32Z,ok,115,115,0,121.79,https://github.com/open-webui/open-webui/releases/tag/v0.8.9
open-webui/open-webui,v0.8.10,v0.8.9,2026-03-09T00:09:55Z,ok,33,33,0,2.55,https://github.com/open-webui/open-webui/releases/tag/v0.8.10
open-webui/open-webui,v0.8.11,v0.8.10,2026-03-25T22:50:09Z,ok,221,221,0,383.08,https://github.com/open-webui/open-webui/releases/tag/v0.8.11
open-webui/open-webui,v0.8.12,v0.8.11,2026-03-27T00:26:52Z,ok,23,23,0,8.34,https://github.com/open-webui/open-webui/releases/tag/v0.8.12
open-webui/open-webui,v0.9.0,v0.8.12,2026-04-21T07:56:15Z,ok,354,354,0,536.92,https://github.com/open-webui/open-webui/releases/tag/v0.9.0
open-webui/open-webui,v0.9.1,v0.9.0,2026-04-21T10:45:37Z,ok,3,3,0,0.14,https://github.com/open-webui/open-webui/releases/tag/v0.9.1
open-webui/open-webui,v0.9.2,v0.9.1,2026-04-24T09:56:14Z,ok,53,53,0,23.29,https://github.com/open-webui/open-webui/releases/tag/v0.9.2
open-webui/open-webui,v0.9.3,v0.9.2,2026-05-09T07:17:19Z,ok,106,106,0,112.33,https://github.com/open-webui/open-webui/releases/tag/v0.9.3
open-webui/open-webui,v0.9.4,v0.9.3,2026-05-09T07:50:17Z,ok,3,3,0,0.22,https://github.com/open-webui/open-webui/releases/tag/v0.9.4
open-webui/open-webui,v0.9.5,v0.9.4,2026-05-10T18:14:07Z,ok,38,38,0,30.3,https://github.com/open-webui/open-webui/releases/tag/v0.9.5
open-webui/open-webui,v0.9.6,v0.9.5,2026-06-01T21:57:03Z,ok,244,244,0,531.45,https://github.com/open-webui/open-webui/releases/tag/v0.9.6
open-webui/open-webui,v0.10.0,v0.9.6,2026-06-29T19:17:48Z,ok,382,382,0,5224.13,https://github.com/open-webui/open-webui/releases/tag/v0.10.0
open-webui/open-webui,v0.10.1,v0.10.0,2026-06-29T19:38:44Z,ok,3,3,0,0.07,https://github.com/open-webui/open-webui/releases/tag/v0.10.1
open-webui/open-webui,v0.10.2,v0.10.1,2026-07-01T08:41:06Z,ok,43,43,0,30.45,https://github.com/open-webui/open-webui/releases/tag/v0.10.2
open-webui/open-webui,v0.11.0,v0.10.2,2026-07-27T09:30:15Z,ok,616,616,0,591.86,https://github.com/open-webui/open-webui/releases/tag/v0.11.0
open-webui/open-webui,v0.11.1,v0.11.0,2026-08-25T21:17:57Z,ok,462,462,0,706.52,https://github.com/open-webui/open-webui/releases/tag/v0.11.1
open-webui/open-webui,v0.11.2,v0.11.1,2026-08-31T05:48:23Z,ok,100,100,0,124.08,https://github.com/open-webui/open-webui/releases/tag/v0.11.2
open-webui/open-webui,v0.11.3,v0.11.2,2026-08-31T14:55:53Z,ok,11,11,0,9.08,https://github.com/open-webui/open-webui/releases/tag/v0.11.3
open-webui/open-webui,v0.11.4,v0.11.3,2026-09-21T19:25:21Z,ok,327,327,0,473.24,https://github.com/open-webui/open-webui/releases/tag/v0.11.4
opendatalab/MinerU,mineru-2.6.2-released,mineru-2.5.4-released,2025-10-24T10:49:07Z,ok,142,142,0,865.67,https://github.com/opendatalab/MinerU/releases/tag/mineru-2.6.2-released
opendatalab/MinerU,mineru-2.6.3-released,mineru-2.6.2-released,2025-10-31T07:13:06Z,ok,70,70,0,164.46,https://github.com/opendatalab/MinerU/releases/tag/mineru-2.6.3-released
opendatalab/MinerU,mineru-2.6.4-released,mineru-2.6.3-released,2025-11-04T12:29:33Z,ok,36,36,0,101.54,https://github.com/opendatalab/MinerU/releases/tag/mineru-2.6.4-released
opendatalab/MinerU,mineru-2.6.5-released,mineru-2.6.4-released,2025-11-26T03:52:02Z,ok,111,111,0,519.43,https://github.com/opendatalab/MinerU/releases/tag/mineru-2.6.5-released
opendatalab/MinerU,mineru-2.6.6-released,mineru-2.6.5-released,2025-12-01T19:54:45Z,ok,57,57,0,185.63,https://github.com/opendatalab/MinerU/releases/tag/mineru-2.6.6-released
opendatalab/MinerU,mineru-2.6.7-released,mineru-2.6.6-released,2025-12-12T09:25:04Z,ok,21,21,0,253.56,https://github.com/opendatalab/MinerU/releases/tag/mineru-2.6.7-released
opendatalab/MinerU,mineru-2.6.8-released,mineru-2.6.7-released,2025-12-15T10:25:45Z,ok,14,14,0,73.07,https://github.com/opendatalab/MinerU/releases/tag/mineru-2.6.8-released
opendatalab/MinerU,mineru-2.7.0-released,mineru-2.6.8-released,2025-12-30T10:24:37Z,ok,106,106,0,454.36,https://github.com/opendatalab/MinerU/releases/tag/mineru-2.7.0-released
opendatalab/MinerU,mineru-2.7.1-released,mineru-2.7.0-released,2026-01-06T06:59:26Z,ok,26,26,0,164.64,https://github.com/opendatalab/MinerU/releases/tag/mineru-2.7.1-released
opendatalab/MinerU,mineru-2.7.2-released,mineru-2.7.1-released,2026-01-23T13:41:07Z,ok,63,63,0,414.76,https://github.com/opendatalab/MinerU/releases/tag/mineru-2.7.2-released
opendatalab/MinerU,mineru-2.7.3-released,mineru-2.7.2-released,2026-01-26T11:40:42Z,ok,10,10,0,70.06,https://github.com/opendatalab/MinerU/releases/tag/mineru-2.7.3-released
opendatalab/MinerU,mineru-2.7.4-released,mineru-2.7.3-released,2026-01-30T13:48:52Z,ok,37,37,0,98.19,https://github.com/opendatalab/MinerU/releases/tag/mineru-2.7.4-released
opendatalab/MinerU,mineru-2.7.5-released,mineru-2.7.4-released,2026-02-02T11:59:52Z,ok,19,19,0,70.26,https://github.com/opendatalab/MinerU/releases/tag/mineru-2.7.5-released
opendatalab/MinerU,mineru-2.7.6-released,mineru-2.7.5-released,2026-02-06T03:39:53Z,ok,21,21,0,87.73,https://github.com/opendatalab/MinerU/releases/tag/mineru-2.7.6-released
opendatalab/MinerU,mineru-3.0.0-released,mineru-2.7.6-released,2026-03-28T20:13:48Z,ok,365,365,0,3059.49,https://github.com/opendatalab/MinerU/releases/tag/mineru-3.0.0-released
opendatalab/MinerU,mineru-3.0.1-released,mineru-3.0.0-released,2026-03-29T05:31:07Z,ok,8,8,0,9.33,https://github.com/opendatalab/MinerU/releases/tag/mineru-3.0.1-released
opendatalab/MinerU,mineru-3.0.3-released,mineru-3.0.1-released,2026-03-30T12:26:04Z,ok,21,21,0,30.96,https://github.com/opendatalab/MinerU/releases/tag/mineru-3.0.3-released
opendatalab/MinerU,mineru-3.0.4-released,mineru-3.0.3-released,2026-03-30T17:51:33Z,ok,10,10,0,5.47,https://github.com/opendatalab/MinerU/releases/tag/mineru-3.0.4-released
opendatalab/MinerU,mineru-3.0.5-released,mineru-3.0.4-released,2026-03-31T19:36:42Z,ok,13,13,0,25.8,https://github.com/opendatalab/MinerU/releases/tag/mineru-3.0.5-released
opendatalab/MinerU,mineru-3.0.6-released,mineru-3.0.5-released,2026-04-01T12:54:58Z,ok,10,10,0,17.35,https://github.com/opendatalab/MinerU/releases/tag/mineru-3.0.6-released
opendatalab/MinerU,mineru-3.0.7-released,mineru-3.0.6-released,2026-04-01T13:23:31Z,ok,7,7,0,0.56,https://github.com/opendatalab/MinerU/releases/tag/mineru-3.0.7-released
opendatalab/MinerU,mineru-3.0.8-released,mineru-3.0.7-released,2026-04-03T10:51:14Z,ok,9,9,0,45.51,https://github.com/opendatalab/MinerU/releases/tag/mineru-3.0.8-released
opendatalab/MinerU,mineru-3.0.9-released,mineru-3.0.8-released,2026-04-07T13:04:54Z,ok,12,12,0,98.27,https://github.com/opendatalab/MinerU/releases/tag/mineru-3.0.9-released
opendatalab/MinerU,mineru-3.1.0-released,mineru-3.0.9-released,2026-04-17T17:55:37Z,ok,102,102,0,749.13,https://github.com/opendatalab/MinerU/releases/tag/mineru-3.1.0-released
opendatalab/MinerU,mineru-3.1.1-released,mineru-3.1.0-released,2026-04-20T16:10:09Z,ok,11,11,0,70.29,https://github.com/opendatalab/MinerU/releases/tag/mineru-3.1.1-released
opendatalab/MinerU,mineru-3.1.2-released,mineru-3.1.1-released,2026-04-22T06:55:10Z,ok,13,13,0,38.79,https://github.com/opendatalab/MinerU/releases/tag/mineru-3.1.2-released
opendatalab/MinerU,mineru-3.1.3-released,mineru-3.1.2-released,2026-04-23T11:03:14Z,ok,29,29,0,28.2,https://github.com/opendatalab/MinerU/releases/tag/mineru-3.1.3-released
opendatalab/MinerU,mineru-3.1.4-released,mineru-3.1.3-released,2026-04-24T07:50:40Z,ok,7,7,0,20.84,https://github.com/opendatalab/MinerU/releases/tag/mineru-3.1.4-released
opendatalab/MinerU,mineru-3.1.5-released,mineru-3.1.4-released,2026-04-27T03:18:27Z,ok,7,7,0,67.52,https://github.com/opendatalab/MinerU/releases/tag/mineru-3.1.5-released
opendatalab/MinerU,mineru-3.1.6-released,mineru-3.1.5-released,2026-04-28T15:47:55Z,ok,22,22,0,36.54,https://github.com/opendatalab/MinerU/releases/tag/mineru-3.1.6-released
opendatalab/MinerU,mineru-3.1.7-released,mineru-3.1.6-released,2026-05-06T11:03:38Z,ok,21,21,0,314.15,https://github.com/opendatalab/MinerU/releases/tag/mineru-3.1.7-released
opendatalab/MinerU,mineru-3.1.8-released,mineru-3.1.7-released,2026-05-07T11:13:00Z,ok,12,12,0,24.2,https://github.com/opendatalab/MinerU/releases/tag/mineru-3.1.8-released
opendatalab/MinerU,mineru-3.1.9-released,mineru-3.1.8-released,2026-05-08T11:29:12Z,ok,8,8,0,24.32,https://github.com/opendatalab/MinerU/releases/tag/mineru-3.1.9-released
opendatalab/MinerU,mineru-3.1.10-released,mineru-3.1.9-released,2026-05-09T09:55:18Z,ok,13,13,0,22.5,https://github.com/opendatalab/MinerU/releases/tag/mineru-3.1.10-released
opendatalab/MinerU,mineru-3.1.11-released,mineru-3.1.10-released,2026-05-09T19:40:01Z,ok,7,7,0,9.8,https://github.com/opendatalab/MinerU/releases/tag/mineru-3.1.11-released
opendatalab/MinerU,mineru-3.1.12-released,mineru-3.1.11-released,2026-05-13T07:07:45Z,ok,27,27,0,83.51,https://github.com/opendatalab/MinerU/releases/tag/mineru-3.1.12-released
opendatalab/MinerU,mineru-3.1.13-released,mineru-3.1.12-released,2026-05-14T13:16:59Z,ok,25,25,0,30.2,https://github.com/opendatalab/MinerU/releases/tag/mineru-3.1.13-released
opendatalab/MinerU,mineru-3.1.14-released,mineru-3.1.13-released,2026-05-15T15:02:06Z,ok,10,10,0,25.8,https://github.com/opendatalab/MinerU/releases/tag/mineru-3.1.14-released
opendatalab/MinerU,mineru-3.1.15-released,mineru-3.1.14-released,2026-05-19T10:56:44Z,ok,38,38,0,91.96,https://github.com/opendatalab/MinerU/releases/tag/mineru-3.1.15-released
opendatalab/MinerU,mineru-3.2.0-released,mineru-3.1.15-released,2026-05-26T13:06:01Z,ok,40,40,0,170.2,https://github.com/opendatalab/MinerU/releases/tag/mineru-3.2.0-released
opendatalab/MinerU,mineru-3.2.1-released,mineru-3.2.0-released,2026-05-28T16:01:33Z,ok,27,27,0,50.97,https://github.com/opendatalab/MinerU/releases/tag/mineru-3.2.1-released
opendatalab/MinerU,mineru-3.2.2-released,mineru-3.2.1-released,2026-06-02T15:16:35Z,ok,27,27,0,119.34,https://github.com/opendatalab/MinerU/releases/tag/mineru-3.2.2-released
opendatalab/MinerU,mineru-3.2.3-released,mineru-3.2.2-released,2026-06-04T07:06:50Z,ok,7,7,0,39.89,https://github.com/opendatalab/MinerU/releases/tag/mineru-3.2.3-released
opendatalab/MinerU,mineru-3.3.0-released,mineru-3.2.3-released,2026-06-11T11:05:44Z,ok,74,74,0,818.01,https://github.com/opendatalab/MinerU/releases/tag/mineru-3.3.0-released
opendatalab/MinerU,mineru-3.3.1-released,mineru-3.3.0-released,2026-06-11T14:27:04Z,ok,12,12,0,3.4,https://github.com/opendatalab/MinerU/releases/tag/mineru-3.3.1-released
opendatalab/MinerU,mineru-3.4.0-released,mineru-3.3.1-released,2026-06-18T07:23:39Z,ok,33,33,0,160.99,https://github.com/opendatalab/MinerU/releases/tag/mineru-3.4.0-released
opendatalab/MinerU,mineru-3.4.1-released,mineru-3.4.0-released,2026-07-03T08:41:43Z,ok,10,10,0,361.34,https://github.com/opendatalab/MinerU/releases/tag/mineru-3.4.1-released
opendatalab/MinerU,mineru-3.4.2-released,mineru-3.4.1-released,2026-07-03T13:09:06Z,ok,4,4,0,4.5,https://github.com/opendatalab/MinerU/releases/tag/mineru-3.4.2-released
opendatalab/MinerU,mineru-3.4.3-released,mineru-3.4.2-released,2026-07-08T08:01:31Z,ok,6,6,0,114.96,https://github.com/opendatalab/MinerU/releases/tag/mineru-3.4.3-released
opendatalab/MinerU,mineru-3.4.4-released,mineru-3.4.3-released,2026-07-10T11:54:35Z,ok,5,5,0,51.93,https://github.com/opendatalab/MinerU/releases/tag/mineru-3.4.4-released
opendatalab/MinerU,mineru-3.4.5-released,mineru-3.4.4-released,2026-08-14T07:55:40Z,ok,6,6,0,836.06,https://github.com/opendatalab/MinerU/releases/tag/mineru-3.4.5-released
opendatalab/MinerU,mineru-4.0.0-released,mineru-3.4.5-released,2026-09-16T12:31:52Z,ok,959,959,0,2817.2,https://github.com/opendatalab/MinerU/releases/tag/mineru-4.0.0-released
opendatalab/MinerU,mineru-4.0.1-released,mineru-4.0.0-released,2026-09-17T12:18:08Z,ok,29,29,0,22.38,https://github.com/opendatalab/MinerU/releases/tag/mineru-4.0.1-released
opendatalab/MinerU,mineru-4.0.2-released,mineru-4.0.1-released,2026-09-17T20:39:33Z,ok,10,10,0,8.38,https://github.com/opendatalab/MinerU/releases/tag/mineru-4.0.2-released
opendatalab/MinerU,mineru-4.0.3-released,mineru-4.0.2-released,2026-09-18T17:06:13Z,ok,48,48,0,20.48,https://github.com/opendatalab/MinerU/releases/tag/mineru-4.0.3-released
opendatalab/MinerU,mineru-4.0.4-released,mineru-4.0.3-released,2026-09-19T18:01:35Z,ok,13,13,0,24.95,https://github.com/opendatalab/MinerU/releases/tag/mineru-4.0.4-released
opendatalab/MinerU,mineru-4.0.5-released,mineru-4.0.4-released,2026-09-20T16:40:19Z,ok,11,11,0,22.67,https://github.com/opendatalab/MinerU/releases/tag/mineru-4.0.5-released
opendatalab/MinerU,mineru-4.0.6-released,mineru-4.0.5-released,2026-09-22T14:12:14Z,ok,9,9,0,45.57,https://github.com/opendatalab/MinerU/releases/tag/mineru-4.0.6-released
opendatalab/MinerU,mineru-4.0.7-released,mineru-4.0.6-released,2026-09-23T20:00:55Z,ok,18,18,0,29.84,https://github.com/opendatalab/MinerU/releases/tag/mineru-4.0.7-released
opendatalab/MinerU,mineru-4.0.8-released,mineru-4.0.7-released,2026-09-27T19:50:50Z,ok,20,20,0,95.86,https://github.com/opendatalab/MinerU/releases/tag/mineru-4.0.8-released
opendatalab/MinerU,mineru-4.0.9-released,mineru-4.0.8-released,2026-09-28T15:44:06Z,ok,8,8,0,19.92,https://github.com/opendatalab/MinerU/releases/tag/mineru-4.0.9-released
opendatalab/MinerU,mineru-4.0.10-released,mineru-4.0.9-released,2026-09-29T07:18:10Z,ok,4,4,0,15.31,https://github.com/opendatalab/MinerU/releases/tag/mineru-4.0.10-released
OpenHands/OpenHands,1.0.0-cli,0.58.0,2025-10-10T15:32:26Z,ok,42,42,0,216.19,https://github.com/OpenHands/OpenHands/releases/tag/1.0.0-cli
OpenHands/OpenHands,0.59.0,1.0.0-cli,2025-10-10T19:31:46Z,ok,1,1,0,7.11,https://github.com/OpenHands/OpenHands/releases/tag/0.59.0
OpenHands/OpenHands,1.0.1-cli,0.59.0,2025-10-13T21:12:20Z,ok,21,21,0,80.71,https://github.com/OpenHands/OpenHands/releases/tag/1.0.1-cli
OpenHands/OpenHands,1.0.2-cli,1.0.1-cli,2025-10-21T15:03:08Z,ok,38,38,0,184.85,https://github.com/OpenHands/OpenHands/releases/tag/1.0.2-cli
OpenHands/OpenHands,0.60.0,1.0.2-cli,2025-10-29T20:18:09Z,ok,70,70,0,196.77,https://github.com/OpenHands/OpenHands/releases/tag/0.60.0
OpenHands/OpenHands,1.0.3-cli,0.60.0,2025-10-30T13:58:03Z,ok,12,12,0,21.93,https://github.com/OpenHands/OpenHands/releases/tag/1.0.3-cli
OpenHands/OpenHands,1.0.4-cli,1.0.3-cli,2025-10-31T14:54:24Z,ok,10,10,0,24.57,https://github.com/OpenHands/OpenHands/releases/tag/1.0.4-cli
OpenHands/OpenHands,1.0.5-cli,1.0.4-cli,2025-10-31T19:28:45Z,ok,7,7,0,4.49,https://github.com/OpenHands/OpenHands/releases/tag/1.0.5-cli
OpenHands/OpenHands,0.61.0,1.0.5-cli,2025-11-05T20:20:15Z,ok,27,27,0,121.65,https://github.com/OpenHands/OpenHands/releases/tag/0.61.0
OpenHands/OpenHands,1.0.6-cli,0.61.0,2025-11-07T17:25:38Z,ok,26,26,0,73.57,https://github.com/OpenHands/OpenHands/releases/tag/1.0.6-cli
OpenHands/OpenHands,0.62.0,1.0.6-cli,2025-11-11T19:57:23Z,ok,18,18,0,98.09,https://github.com/OpenHands/OpenHands/releases/tag/0.62.0
OpenHands/OpenHands,1.0.7-cli,0.62.0,2025-11-11T21:48:39Z,ok,7,7,0,6.82,https://github.com/OpenHands/OpenHands/releases/tag/1.0.7-cli
OpenHands/OpenHands,1.0.0,1.0.7-cli,2025-12-16T16:03:32Z,ok,153,153,0,834.28,https://github.com/OpenHands/OpenHands/releases/tag/1.0.0
OpenHands/OpenHands,1.1.0,1.0.0,2025-12-30T16:35:22Z,ok,86,86,0,359.96,https://github.com/OpenHands/OpenHands/releases/tag/1.1.0
OpenHands/OpenHands,1.2.0,1.1.0,2026-01-16T14:34:01Z,ok,111,111,0,407.69,https://github.com/OpenHands/OpenHands/releases/tag/1.2.0
OpenHands/OpenHands,1.2.1,1.2.0,2026-01-16T14:34:06Z,ok,7,7,0,23.26,https://github.com/OpenHands/OpenHands/releases/tag/1.2.1
OpenHands/OpenHands,1.3.0,1.2.1,2026-02-02T21:17:37Z,ok,97,97,0,430.92,https://github.com/OpenHands/OpenHands/releases/tag/1.3.0
OpenHands/OpenHands,1.4.0,1.3.0,2026-02-18T15:42:57Z,ok,63,63,0,380.59,https://github.com/OpenHands/OpenHands/releases/tag/1.4.0
OpenHands/OpenHands,1.5.0,1.4.0,2026-03-11T18:50:28Z,ok,188,188,0,530.83,https://github.com/OpenHands/OpenHands/releases/tag/1.5.0
OpenHands/OpenHands,1.6.0,1.5.0,2026-03-30T16:01:39Z,ok,156,156,0,464.58,https://github.com/OpenHands/OpenHands/releases/tag/1.6.0
OpenHands/OpenHands,1.7.0,1.6.0,2026-05-01T14:52:47Z,ok,296,296,0,769.35,https://github.com/OpenHands/OpenHands/releases/tag/1.7.0
OpenHands/OpenHands,1.8.0,1.7.0,2026-06-10T16:58:51Z,ok,179,179,0,977.92,https://github.com/OpenHands/OpenHands/releases/tag/1.8.0
OpenHands/OpenHands,cloud-1.39.0,1.8.0,2026-06-24T15:41:03Z,ok,101,101,0,335.63,https://github.com/OpenHands/OpenHands/releases/tag/cloud-1.39.0
OpenHands/OpenHands,cloud-1.40.0,cloud-1.39.0,2026-06-26T20:36:25Z,ok,20,20,0,51.12,https://github.com/OpenHands/OpenHands/releases/tag/cloud-1.40.0
OpenHands/OpenHands,1.9.0,cloud-1.40.0,2026-07-06T15:05:19Z,ok,33,33,0,231.04,https://github.com/OpenHands/OpenHands/releases/tag/1.9.0
OpenHands/OpenHands,cloud-1.41.0,1.9.0,2026-07-06T15:14:56Z,ok,1,1,0,0.01,https://github.com/OpenHands/OpenHands/releases/tag/cloud-1.41.0
OpenHands/OpenHands,1.9.1,cloud-1.41.0,2026-07-07T21:38:24Z,ok,10,10,0,25.01,https://github.com/OpenHands/OpenHands/releases/tag/1.9.1
OpenHands/OpenHands,cloud-1.42.0,1.9.1,2026-07-07T21:47:30Z,ok,1,1,0,0.01,https://github.com/OpenHands/OpenHands/releases/tag/cloud-1.42.0
OpenHands/OpenHands,1.9.2,cloud-1.42.0,2026-07-07T22:10:22Z,ok,1,1,0,0.01,https://github.com/OpenHands/OpenHands/releases/tag/1.9.2
OpenHands/OpenHands,1.9.3,1.9.2,2026-07-08T16:44:40Z,ok,4,4,0,7.57,https://github.com/OpenHands/OpenHands/releases/tag/1.9.3
OpenHands/OpenHands,1.10.0,1.9.3,2026-07-08T19:44:54Z,ok,6,6,0,2.97,https://github.com/OpenHands/OpenHands/releases/tag/1.10.0
OpenHands/OpenHands,cloud-1.43.0,1.10.0,2026-07-08T20:04:42Z,ok,1,1,0,0.01,https://github.com/OpenHands/OpenHands/releases/tag/cloud-1.43.0
OpenHands/OpenHands,cloud-1.44.0,cloud-1.43.0,2026-07-09T14:16:09Z,ok,3,3,0,2.36,https://github.com/OpenHands/OpenHands/releases/tag/cloud-1.44.0
OpenHands/OpenHands,cloud-1.45.0,cloud-1.44.0,2026-07-09T19:28:57Z,ok,6,6,0,3.78,https://github.com/OpenHands/OpenHands/releases/tag/cloud-1.45.0
OpenHands/OpenHands,1.11.0,cloud-1.45.0,2026-07-09T19:37:16Z,ok,1,1,0,0.01,https://github.com/OpenHands/OpenHands/releases/tag/1.11.0
OpenHands/OpenHands,cloud-1.45.1,1.11.0,2026-07-09T20:07:45Z,ok,1,1,0,0.01,https://github.com/OpenHands/OpenHands/releases/tag/cloud-1.45.1
OpenHands/OpenHands,cloud-1.46.0,cloud-1.45.1,2026-07-10T19:51:59Z,ok,8,8,0,18.09,https://github.com/OpenHands/OpenHands/releases/tag/cloud-1.46.0
OpenHands/OpenHands,cloud-1.46.1,cloud-1.46.0,2026-07-14T12:30:57Z,ok,6,6,0,88.25,https://github.com/OpenHands/OpenHands/releases/tag/cloud-1.46.1
OpenHands/OpenHands,cloud-1.46.2,cloud-1.46.1,2026-07-15T16:05:32Z,ok,5,5,0,24.14,https://github.com/OpenHands/OpenHands/releases/tag/cloud-1.46.2
OpenHands/OpenHands,cloud-1.47.0,cloud-1.46.2,2026-07-21T08:20:14Z,ok,14,14,0,135.05,https://github.com/OpenHands/OpenHands/releases/tag/cloud-1.47.0
OpenHands/OpenHands,cloud-1.47.1,cloud-1.47.0,2026-07-21T13:53:05Z,ok,2,2,0,0.29,https://github.com/OpenHands/OpenHands/releases/tag/cloud-1.47.1
OpenHands/OpenHands,v1.6.1,cloud-1.47.1,2026-07-28T17:16:43Z,ok,823,823,0,2294.5,https://github.com/OpenHands/OpenHands/releases/tag/v1.6.1
OpenHands/OpenHands,v1.7.0,v1.6.1,2026-07-29T22:43:30Z,ok,31,31,0,110.6,https://github.com/OpenHands/OpenHands/releases/tag/v1.7.0
OpenHands/OpenHands,v1.7.1,v1.7.0,2026-07-30T03:47:25Z,ok,4,4,0,2.46,https://github.com/OpenHands/OpenHands/releases/tag/v1.7.1
OpenHands/OpenHands,v1.7.2,v1.7.1,2026-07-30T10:45:47Z,ok,3,3,0,6.76,https://github.com/OpenHands/OpenHands/releases/tag/v1.7.2
OpenHands/OpenHands,v1.8.0,v1.7.2,2026-07-30T17:07:53Z,ok,6,6,0,5.04,https://github.com/OpenHands/OpenHands/releases/tag/v1.8.0
OpenHands/OpenHands,v1.9.0,v1.8.0,2026-08-03T18:49:56Z,ok,17,17,0,94.86,https://github.com/OpenHands/OpenHands/releases/tag/v1.9.0
OpenHands/OpenHands,v1.10.0,v1.9.0,2026-08-05T15:54:34Z,ok,24,24,0,43.92,https://github.com/OpenHands/OpenHands/releases/tag/v1.10.0
OpenHands/OpenHands,v1.11.0,v1.10.0,2026-08-07T18:01:46Z,ok,11,11,0,30.61,https://github.com/OpenHands/OpenHands/releases/tag/v1.11.0
OpenHands/OpenHands,v1.12.0,v1.11.0,2026-08-07T19:33:40Z,ok,2,2,0,0.85,https://github.com/OpenHands/OpenHands/releases/tag/v1.12.0
OpenHands/OpenHands,v1.13.0,v1.12.0,2026-08-13T01:57:00Z,ok,28,28,0,124.57,https://github.com/OpenHands/OpenHands/releases/tag/v1.13.0
OpenHands/OpenHands,v1.14.0,v1.13.0,2026-08-17T21:41:36Z,ok,16,16,0,92.32,https://github.com/OpenHands/OpenHands/releases/tag/v1.14.0
OpenHands/OpenHands,v1.15.0,v1.14.0,2026-08-21T14:01:34Z,ok,38,38,0,88.35,https://github.com/OpenHands/OpenHands/releases/tag/v1.15.0
OpenHands/OpenHands,v1.16.0,v1.15.0,2026-08-27T18:19:22Z,ok,40,40,0,146.68,https://github.com/OpenHands/OpenHands/releases/tag/v1.16.0
OpenHands/OpenHands,v1.17.0,v1.16.0,2026-09-09T19:27:26Z,ok,45,45,0,313.17,https://github.com/OpenHands/OpenHands/releases/tag/v1.17.0
OpenHands/OpenHands,v1.18.0,v1.17.0,2026-09-11T18:27:48Z,ok,13,13,0,45.38,https://github.com/OpenHands/OpenHands/releases/tag/v1.18.0
OpenHands/OpenHands,v1.19.0,v1.18.0,2026-09-16T19:24:24Z,ok,87,87,0,116.56,https://github.com/OpenHands/OpenHands/releases/tag/v1.19.0
OpenHands/OpenHands,v1.20.0,v1.19.0,2026-09-17T07:15:18Z,ok,6,6,0,11.39,https://github.com/OpenHands/OpenHands/releases/tag/v1.20.0
OpenHands/OpenHands,v1.21.0,v1.20.0,2026-09-22T01:50:44Z,ok,19,19,0,107.27,https://github.com/OpenHands/OpenHands/releases/tag/v1.21.0
OpenHands/OpenHands,v1.22.0,v1.21.0,2026-09-22T16:28:11Z,ok,12,12,0,13.05,https://github.com/OpenHands/OpenHands/releases/tag/v1.22.0
OpenHands/OpenHands,v1.23.0,v1.22.0,2026-09-23T17:24:03Z,ok,14,14,0,20.79,https://github.com/OpenHands/OpenHands/releases/tag/v1.23.0
OpenHands/OpenHands,v1.24.0,v1.23.0,2026-09-25T15:09:26Z,ok,29,29,0,37.64,https://github.com/OpenHands/OpenHands/releases/tag/v1.24.0
PaddlePaddle/PaddleOCR,v3.3.0,v3.2.0,2025-10-16T12:58:29Z,ok,22,22,0,1346.41,https://github.com/PaddlePaddle/PaddleOCR/releases/tag/v3.3.0
PaddlePaddle/PaddleOCR,v3.3.1,v3.3.0,2025-10-29T11:49:29Z,ok,2,2,0,289.56,https://github.com/PaddlePaddle/PaddleOCR/releases/tag/v3.3.1
PaddlePaddle/PaddleOCR,v3.3.2,v3.3.1,2025-11-13T14:46:03Z,ok,2,2,0,74.53,https://github.com/PaddlePaddle/PaddleOCR/releases/tag/v3.3.2
PaddlePaddle/PaddleOCR,v3.3.3,v3.3.2,2026-01-20T07:27:09Z,ok,6,6,0,1313.73,https://github.com/PaddlePaddle/PaddleOCR/releases/tag/v3.3.3
PaddlePaddle/PaddleOCR,v3.4.0,v3.3.3,2026-01-29T11:19:45Z,ok,77,77,0,2517.23,https://github.com/PaddlePaddle/PaddleOCR/releases/tag/v3.4.0
PaddlePaddle/PaddleOCR,v3.4.1,v3.4.0,2026-04-14T05:47:27Z,ok,11,11,0,1794.4,https://github.com/PaddlePaddle/PaddleOCR/releases/tag/v3.4.1
PaddlePaddle/PaddleOCR,v3.5.0,v3.4.1,2026-04-21T08:40:47Z,ok,68,68,0,1965.38,https://github.com/PaddlePaddle/PaddleOCR/releases/tag/v3.5.0
PaddlePaddle/PaddleOCR,v3.6.0,v3.5.0,2026-05-28T11:42:29Z,ok,22,22,0,848.51,https://github.com/PaddlePaddle/PaddleOCR/releases/tag/v3.6.0
PaddlePaddle/PaddleOCR,v3.7.0,v3.6.0,2026-06-11T12:09:14Z,ok,20,20,0,337.54,https://github.com/PaddlePaddle/PaddleOCR/releases/tag/v3.7.0
Panniantong/Agent-Reach,v1.1.0,,2026-02-25T13:14:44Z,sem_anterior,,0,0,,https://github.com/Panniantong/Agent-Reach/releases/tag/v1.1.0
Panniantong/Agent-Reach,v1.2.0,v1.1.0,2026-02-26T12:34:58Z,ok,22,22,0,23.31,https://github.com/Panniantong/Agent-Reach/releases/tag/v1.2.0
Panniantong/Agent-Reach,v1.3.0,v1.2.0,2026-03-04T10:18:20Z,ok,32,32,0,146.28,https://github.com/Panniantong/Agent-Reach/releases/tag/v1.3.0
Panniantong/Agent-Reach,v1.4.0,v1.3.0,2026-03-31T10:26:58Z,ok,97,97,0,648.03,https://github.com/Panniantong/Agent-Reach/releases/tag/v1.4.0
Panniantong/Agent-Reach,v1.4.1,v1.4.0,2026-06-10T03:47:52Z,ok,18,18,0,1697.27,https://github.com/Panniantong/Agent-Reach/releases/tag/v1.4.1
Panniantong/Agent-Reach,v1.4.2,v1.4.1,2026-06-10T08:02:48Z,ok,16,16,0,3.81,https://github.com/Panniantong/Agent-Reach/releases/tag/v1.4.2
Panniantong/Agent-Reach,v1.5.0,v1.4.2,2026-06-11T12:29:59Z,ok,13,13,0,27.68,https://github.com/Panniantong/Agent-Reach/releases/tag/v1.5.0
pbakaus/impeccable,skill-v3.0.4,,2026-04-28T17:42:07Z,sem_anterior,,0,0,,https://github.com/pbakaus/impeccable/releases/tag/skill-v3.0.4
pbakaus/impeccable,cli-v2.1.8,skill-v3.0.4,2026-04-28T17:52:23Z,ok,2,2,0,0.13,https://github.com/pbakaus/impeccable/releases/tag/cli-v2.1.8
pbakaus/impeccable,skill-v3.0.5,cli-v2.1.8,2026-04-29T00:45:47Z,ok,11,11,0,22.71,https://github.com/pbakaus/impeccable/releases/tag/skill-v3.0.5
pbakaus/impeccable,ext-v1.0.2,skill-v3.0.5,2026-04-29T18:32:54Z,ok,17,17,0,421.22,https://github.com/pbakaus/impeccable/releases/tag/ext-v1.0.2
pbakaus/impeccable,ext-v1.0.3,ext-v1.0.2,2026-04-29T18:52:06Z,ok,1,1,0,0.01,https://github.com/pbakaus/impeccable/releases/tag/ext-v1.0.3
pbakaus/impeccable,skill-v3.0.6,ext-v1.0.3,2026-04-30T15:32:25Z,ok,3,3,0,0.05,https://github.com/pbakaus/impeccable/releases/tag/skill-v3.0.6
pbakaus/impeccable,skill-v3.0.7,skill-v3.0.6,2026-05-04T15:38:15Z,ok,11,11,0,94.9,https://github.com/pbakaus/impeccable/releases/tag/skill-v3.0.7
pbakaus/impeccable,cli-v2.1.9,skill-v3.0.7,2026-05-13T07:30:02Z,ok,9,9,0,202.35,https://github.com/pbakaus/impeccable/releases/tag/cli-v2.1.9
pbakaus/impeccable,skill-v3.1.0,cli-v2.1.9,2026-05-13T07:42:57Z,ok,1,1,0,0.01,https://github.com/pbakaus/impeccable/releases/tag/skill-v3.1.0
pbakaus/impeccable,skill-v3.1.1,skill-v3.1.0,2026-05-14T22:53:18Z,ok,6,6,0,5.37,https://github.com/pbakaus/impeccable/releases/tag/skill-v3.1.1
pbakaus/impeccable,cli-v2.2.0,skill-v3.1.1,2026-05-28T21:26:49Z,ok,5,5,0,258.62,https://github.com/pbakaus/impeccable/releases/tag/cli-v2.2.0
pbakaus/impeccable,ext-v1.1.0,cli-v2.2.0,2026-05-28T21:30:16Z,ok,0,0,0,,https://github.com/pbakaus/impeccable/releases/tag/ext-v1.1.0
pbakaus/impeccable,cli-v2.3.0,ext-v1.1.0,2026-05-28T22:08:43Z,ok,3,3,0,0.51,https://github.com/pbakaus/impeccable/releases/tag/cli-v2.3.0
pbakaus/impeccable,cli-v2.3.1,cli-v2.3.0,2026-05-29T04:22:19Z,ok,23,23,0,6.02,https://github.com/pbakaus/impeccable/releases/tag/cli-v2.3.1
pbakaus/impeccable,skill-v3.5.0,cli-v2.3.1,2026-05-29T04:25:17Z,ok,0,0,0,,https://github.com/pbakaus/impeccable/releases/tag/skill-v3.5.0
pbakaus/impeccable,cli-v2.3.2,skill-v3.5.0,2026-05-30T01:33:40Z,ok,6,6,0,21.05,https://github.com/pbakaus/impeccable/releases/tag/cli-v2.3.2
pbakaus/impeccable,skill-v3.6.0,cli-v2.3.2,2026-06-14T12:52:04Z,ok,79,79,0,321.53,https://github.com/pbakaus/impeccable/releases/tag/skill-v3.6.0
pbakaus/impeccable,ext-v1.2.0,skill-v3.6.0,2026-06-14T12:52:33Z,ok,0,0,0,,https://github.com/pbakaus/impeccable/releases/tag/ext-v1.2.0
pbakaus/impeccable,cli-v3.0.0,ext-v1.2.0,2026-06-15T04:06:24Z,ok,0,0,0,,https://github.com/pbakaus/impeccable/releases/tag/cli-v3.0.0
pbakaus/impeccable,cli-v3.0.1,cli-v3.0.0,2026-06-15T04:31:28Z,ok,2,2,0,0.44,https://github.com/pbakaus/impeccable/releases/tag/cli-v3.0.1
pbakaus/impeccable,skill-v3.7.0,cli-v3.0.1,2026-06-16T04:10:52Z,ok,6,6,0,23.41,https://github.com/pbakaus/impeccable/releases/tag/skill-v3.7.0
pbakaus/impeccable,cli-v3.0.2,skill-v3.7.0,2026-06-16T04:11:13Z,ok,0,0,0,,https://github.com/pbakaus/impeccable/releases/tag/cli-v3.0.2
pbakaus/impeccable,skill-v3.7.1,cli-v3.0.2,2026-06-16T13:53:50Z,ok,1,1,0,0.07,https://github.com/pbakaus/impeccable/releases/tag/skill-v3.7.1
pbakaus/impeccable,cli-v3.0.3,skill-v3.7.1,2026-06-17T02:54:03Z,ok,3,3,0,12.96,https://github.com/pbakaus/impeccable/releases/tag/cli-v3.0.3
pbakaus/impeccable,ext-v1.2.1,cli-v3.0.3,2026-06-19T05:09:13Z,ok,12,12,0,50.16,https://github.com/pbakaus/impeccable/releases/tag/ext-v1.2.1
pbakaus/impeccable,skill-v3.8.0,ext-v1.2.1,2026-06-21T20:41:57Z,ok,19,19,0,40.22,https://github.com/pbakaus/impeccable/releases/tag/skill-v3.8.0
pbakaus/impeccable,cli-v3.1.0,skill-v3.8.0,2026-06-21T20:42:08Z,ok,0,0,0,,https://github.com/pbakaus/impeccable/releases/tag/cli-v3.1.0
pbakaus/impeccable,skill-v3.9.0,cli-v3.1.0,2026-07-01T08:55:11Z,ok,24,24,0,228.21,https://github.com/pbakaus/impeccable/releases/tag/skill-v3.9.0
pbakaus/impeccable,cli-v3.2.0,skill-v3.9.0,2026-07-01T08:55:22Z,ok,0,0,0,,https://github.com/pbakaus/impeccable/releases/tag/cli-v3.2.0
pbakaus/impeccable,skill-v3.9.1,cli-v3.2.0,2026-07-01T18:14:05Z,ok,2,2,0,9.26,https://github.com/pbakaus/impeccable/releases/tag/skill-v3.9.1
pbakaus/impeccable,skill-v4.0.0,skill-v3.9.1,2026-07-22T07:09:24Z,ok,250,250,0,462.61,https://github.com/pbakaus/impeccable/releases/tag/skill-v4.0.0
pbakaus/impeccable,cli-v3.3.0,skill-v4.0.0,2026-07-22T07:10:22Z,ok,0,0,0,,https://github.com/pbakaus/impeccable/releases/tag/cli-v3.3.0
pbakaus/impeccable,skill-v4.0.1,cli-v3.3.0,2026-07-22T19:23:34Z,ok,21,21,0,11.93,https://github.com/pbakaus/impeccable/releases/tag/skill-v4.0.1
pbakaus/impeccable,cli-v3.3.1,skill-v4.0.1,2026-07-22T20:14:25Z,ok,2,2,0,0.58,https://github.com/pbakaus/impeccable/releases/tag/cli-v3.3.1
pbakaus/impeccable,skill-v4.0.2,cli-v3.3.1,2026-07-23T17:35:58Z,ok,17,17,0,21.35,https://github.com/pbakaus/impeccable/releases/tag/skill-v4.0.2
pbakaus/impeccable,skill-v4.0.3,skill-v4.0.2,2026-07-28T02:18:04Z,ok,102,102,0,104.12,https://github.com/pbakaus/impeccable/releases/tag/skill-v4.0.3
pbakaus/impeccable,cli-v3.4.0,skill-v4.0.3,2026-07-28T02:18:17Z,ok,0,0,0,,https://github.com/pbakaus/impeccable/releases/tag/cli-v3.4.0
pbakaus/impeccable,ext-v1.3.0,cli-v3.4.0,2026-07-28T02:18:30Z,ok,0,0,0,,https://github.com/pbakaus/impeccable/releases/tag/ext-v1.3.0
pbakaus/impeccable,skill-v4.0.4,ext-v1.3.0,2026-07-30T03:18:11Z,ok,92,92,0,180.31,https://github.com/pbakaus/impeccable/releases/tag/skill-v4.0.4
pbakaus/impeccable,cli-v3.5.0,skill-v4.0.4,2026-07-30T03:18:24Z,ok,0,0,0,,https://github.com/pbakaus/impeccable/releases/tag/cli-v3.5.0
pbakaus/impeccable,ext-v1.3.1,cli-v3.5.0,2026-07-30T03:18:54Z,ok,0,0,0,,https://github.com/pbakaus/impeccable/releases/tag/ext-v1.3.1
pbakaus/impeccable,skill-v4.1.0,ext-v1.3.1,2026-08-14T04:31:52Z,ok,207,207,0,389.42,https://github.com/pbakaus/impeccable/releases/tag/skill-v4.1.0
pbakaus/impeccable,cli-v3.6.0,skill-v4.1.0,2026-08-14T04:32:18Z,ok,0,0,0,,https://github.com/pbakaus/impeccable/releases/tag/cli-v3.6.0
pbakaus/impeccable,ext-v1.3.2,cli-v3.6.0,2026-08-14T04:33:01Z,ok,0,0,0,,https://github.com/pbakaus/impeccable/releases/tag/ext-v1.3.2
pbakaus/impeccable,skill-v4.1.1,ext-v1.3.2,2026-08-14T12:59:39Z,ok,6,6,0,7.52,https://github.com/pbakaus/impeccable/releases/tag/skill-v4.1.1
pbakaus/impeccable,skill-v4.1.2,skill-v4.1.1,2026-08-26T06:04:22Z,ok,102,102,0,278.62,https://github.com/pbakaus/impeccable/releases/tag/skill-v4.1.2
pbakaus/impeccable,cli-v3.6.1,skill-v4.1.2,2026-08-26T06:04:34Z,ok,0,0,0,,https://github.com/pbakaus/impeccable/releases/tag/cli-v3.6.1
pbakaus/impeccable,ext-v1.3.3,cli-v3.6.1,2026-08-26T06:04:41Z,ok,0,0,0,,https://github.com/pbakaus/impeccable/releases/tag/ext-v1.3.3
pbakaus/impeccable,skill-v4.1.3,ext-v1.3.3,2026-09-02T00:29:54Z,ok,136,136,0,437.88,https://github.com/pbakaus/impeccable/releases/tag/skill-v4.1.3
pbakaus/impeccable,engine-v0.1.0,skill-v4.1.3,2026-09-04T17:26:05Z,ok,114,114,0,424.37,https://github.com/pbakaus/impeccable/releases/tag/engine-v0.1.0
pbakaus/impeccable,skill-v4.2.0,engine-v0.1.0,2026-09-04T20:28:37Z,ok,10,10,0,2.76,https://github.com/pbakaus/impeccable/releases/tag/skill-v4.2.0
pbakaus/impeccable,cli-v4.0.0,skill-v4.2.0,2026-09-04T20:29:05Z,ok,0,0,0,,https://github.com/pbakaus/impeccable/releases/tag/cli-v4.0.0
pbakaus/impeccable,ext-v1.4.0,cli-v4.0.0,2026-09-04T20:30:03Z,ok,0,0,0,,https://github.com/pbakaus/impeccable/releases/tag/ext-v1.4.0
pbakaus/impeccable,cli-v4.0.1,ext-v1.4.0,2026-09-04T22:00:53Z,ok,3,3,0,1.14,https://github.com/pbakaus/impeccable/releases/tag/cli-v4.0.1
pbakaus/impeccable,engine-v0.1.1,cli-v4.0.1,2026-09-05T17:36:25Z,ok,6,6,0,16.26,https://github.com/pbakaus/impeccable/releases/tag/engine-v0.1.1
pbakaus/impeccable,cli-v4.0.2,engine-v0.1.1,2026-09-05T17:47:46Z,ok,1,1,0,0.0,https://github.com/pbakaus/impeccable/releases/tag/cli-v4.0.2
pbakaus/impeccable,engine-v0.1.2,cli-v4.0.2,2026-09-05T22:58:30Z,ok,11,11,0,5.18,https://github.com/pbakaus/impeccable/releases/tag/engine-v0.1.2
pbakaus/impeccable,cli-v4.0.3,engine-v0.1.2,2026-09-05T23:35:24Z,ok,1,1,0,0.01,https://github.com/pbakaus/impeccable/releases/tag/cli-v4.0.3
pbakaus/impeccable,skill-v4.2.1,cli-v4.0.3,2026-09-05T23:36:12Z,ok,0,0,0,,https://github.com/pbakaus/impeccable/releases/tag/skill-v4.2.1
pbakaus/impeccable,engine-v0.1.3,skill-v4.2.1,2026-09-06T22:36:18Z,ok,6,6,0,2.87,https://github.com/pbakaus/impeccable/releases/tag/engine-v0.1.3
pbakaus/impeccable,cli-v4.0.4,engine-v0.1.3,2026-09-06T22:43:26Z,ok,1,1,0,0.0,https://github.com/pbakaus/impeccable/releases/tag/cli-v4.0.4
pbakaus/impeccable,skill-v4.2.2,cli-v4.0.4,2026-09-06T22:44:13Z,ok,0,0,0,,https://github.com/pbakaus/impeccable/releases/tag/skill-v4.2.2
pbakaus/impeccable,engine-v0.1.4,skill-v4.2.2,2026-09-08T17:02:06Z,ok,21,21,0,41.69,https://github.com/pbakaus/impeccable/releases/tag/engine-v0.1.4
pbakaus/impeccable,cli-v4.0.5,engine-v0.1.4,2026-09-08T19:15:23Z,ok,1,1,0,0.05,https://github.com/pbakaus/impeccable/releases/tag/cli-v4.0.5
pbakaus/impeccable,skill-v4.2.3,cli-v4.0.5,2026-09-08T19:15:53Z,ok,0,0,0,,https://github.com/pbakaus/impeccable/releases/tag/skill-v4.2.3
pbakaus/impeccable,engine-v0.1.5,skill-v4.2.3,2026-09-08T23:17:42Z,ok,3,3,0,0.42,https://github.com/pbakaus/impeccable/releases/tag/engine-v0.1.5
pbakaus/impeccable,cli-v4.1.0,engine-v0.1.5,2026-09-08T23:28:55Z,ok,1,1,0,0.0,https://github.com/pbakaus/impeccable/releases/tag/cli-v4.1.0
pbakaus/impeccable,skill-v4.3.0,cli-v4.1.0,2026-09-08T23:29:43Z,ok,0,0,0,,https://github.com/pbakaus/impeccable/releases/tag/skill-v4.3.0
pbakaus/impeccable,skill-v4.3.1,skill-v4.3.0,2026-09-09T02:24:39Z,ok,5,5,0,12.01,https://github.com/pbakaus/impeccable/releases/tag/skill-v4.3.1
pbakaus/impeccable,engine-v0.1.6,skill-v4.3.1,2026-09-25T00:23:08Z,ok,116,116,0,477.82,https://github.com/pbakaus/impeccable/releases/tag/engine-v0.1.6
pbakaus/impeccable,engine-v0.1.7,engine-v0.1.6,2026-09-29T00:31:56Z,ok,63,63,0,95.97,https://github.com/pbakaus/impeccable/releases/tag/engine-v0.1.7
pbakaus/impeccable,engine-v0.1.8,engine-v0.1.7,2026-09-29T21:52:43Z,ok,5,5,0,5.51,https://github.com/pbakaus/impeccable/releases/tag/engine-v0.1.8
pbakaus/impeccable,engine-v0.1.9,engine-v0.1.8,2026-09-30T23:46:03Z,ok,14,14,0,26.56,https://github.com/pbakaus/impeccable/releases/tag/engine-v0.1.9
pbakaus/impeccable,engine-v0.1.10,engine-v0.1.9,2026-10-01T17:43:53Z,ok,4,4,0,17.63,https://github.com/pbakaus/impeccable/releases/tag/engine-v0.1.10
pbakaus/impeccable,skill-v4.4.0,engine-v0.1.10,2026-10-01T20:34:21Z,ok,5,5,0,2.12,https://github.com/pbakaus/impeccable/releases/tag/skill-v4.4.0
pbakaus/impeccable,engine-v0.1.11,skill-v4.4.0,2026-10-02T02:12:01Z,ok,14,14,0,5.65,https://github.com/pbakaus/impeccable/releases/tag/engine-v0.1.11
pbakaus/impeccable,skill-v4.5.0,engine-v0.1.11,2026-10-02T02:35:11Z,ok,4,4,0,0.56,https://github.com/pbakaus/impeccable/releases/tag/skill-v4.5.0
rtk-ai/rtk,v0.2.0,,2026-01-23T13:39:32Z,sem_anterior,,0,0,,https://github.com/rtk-ai/rtk/releases/tag/v0.2.0
rtk-ai/rtk,v0.2.1,v0.2.0,2026-01-28T22:11:52Z,404,,0,0,,https://github.com/rtk-ai/rtk/releases/tag/v0.2.1
rtk-ai/rtk,v0.3.0,v0.2.1,2026-01-29T16:23:17Z,ok,19,19,0,26.08,https://github.com/rtk-ai/rtk/releases/tag/v0.3.0
rtk-ai/rtk,v0.3.1,v0.3.0,2026-01-29T16:54:55Z,ok,4,4,0,0.19,https://github.com/rtk-ai/rtk/releases/tag/v0.3.1
rtk-ai/rtk,v0.4.0,v0.3.1,2026-01-30T10:39:03Z,ok,10,10,0,16.28,https://github.com/rtk-ai/rtk/releases/tag/v0.4.0
rtk-ai/rtk,v0.5.0,v0.4.0,2026-01-30T13:24:55Z,ok,6,6,0,1.84,https://github.com/rtk-ai/rtk/releases/tag/v0.5.0
rtk-ai/rtk,v0.5.1,v0.5.0,2026-01-30T14:40:28Z,ok,4,4,0,0.26,https://github.com/rtk-ai/rtk/releases/tag/v0.5.1
rtk-ai/rtk,v0.5.2,v0.5.1,2026-01-30T15:52:31Z,ok,4,4,0,0.39,https://github.com/rtk-ai/rtk/releases/tag/v0.5.2
rtk-ai/rtk,v0.6.0,v0.5.2,2026-02-01T14:43:21Z,ok,16,16,0,16.14,https://github.com/rtk-ai/rtk/releases/tag/v0.6.0
rtk-ai/rtk,v0.7.0,v0.6.0,2026-02-01T19:08:18Z,ok,5,5,0,3.61,https://github.com/rtk-ai/rtk/releases/tag/v0.7.0
rtk-ai/rtk,v0.7.1,v0.7.0,2026-02-02T08:55:27Z,ok,14,14,0,12.55,https://github.com/rtk-ai/rtk/releases/tag/v0.7.1
rtk-ai/rtk,v0.8.0,v0.7.1,2026-02-02T13:55:28Z,ok,7,7,0,4.18,https://github.com/rtk-ai/rtk/releases/tag/v0.8.0
rtk-ai/rtk,v0.8.1,v0.8.0,2026-02-02T15:50:32Z,ok,6,6,0,1.5,https://github.com/rtk-ai/rtk/releases/tag/v0.8.1
rtk-ai/rtk,v0.9.0,v0.8.1,2026-02-03T16:16:20Z,ok,26,26,0,24.22,https://github.com/rtk-ai/rtk/releases/tag/v0.9.0
rtk-ai/rtk,v0.9.1,v0.9.0,2026-02-04T19:29:57Z,ok,8,8,0,35.17,https://github.com/rtk-ai/rtk/releases/tag/v0.9.1
rtk-ai/rtk,v0.9.2,v0.9.1,2026-02-05T16:31:35Z,ok,4,4,0,22.56,https://github.com/rtk-ai/rtk/releases/tag/v0.9.2
rtk-ai/rtk,v0.9.3,v0.9.2,2026-02-06T13:37:31Z,ok,4,4,0,3.99,https://github.com/rtk-ai/rtk/releases/tag/v0.9.3
rtk-ai/rtk,v0.9.4,v0.9.3,2026-02-06T19:20:44Z,ok,4,4,0,3.88,https://github.com/rtk-ai/rtk/releases/tag/v0.9.4
rtk-ai/rtk,v0.10.0,v0.9.4,2026-02-07T16:45:21Z,ok,6,6,0,2.57,https://github.com/rtk-ai/rtk/releases/tag/v0.10.0
rtk-ai/rtk,v0.11.0,v0.10.0,2026-02-07T22:17:43Z,ok,5,5,0,7.08,https://github.com/rtk-ai/rtk/releases/tag/v0.11.0
rtk-ai/rtk,v0.12.0,v0.11.0,2026-02-09T02:07:42Z,ok,4,4,0,15.52,https://github.com/rtk-ai/rtk/releases/tag/v0.12.0
rtk-ai/rtk,v0.13.0,v0.12.0,2026-02-12T10:03:51Z,ok,4,4,0,45.06,https://github.com/rtk-ai/rtk/releases/tag/v0.13.0
rtk-ai/rtk,v0.13.1,v0.13.0,2026-02-12T11:02:59Z,ok,4,4,0,0.14,https://github.com/rtk-ai/rtk/releases/tag/v0.13.1
rtk-ai/rtk,v0.14.0,v0.13.1,2026-02-12T11:29:27Z,ok,4,4,0,0.2,https://github.com/rtk-ai/rtk/releases/tag/v0.14.0
rtk-ai/rtk,v0.15.0,v0.14.0,2026-02-12T21:12:33Z,ok,4,4,0,1.61,https://github.com/rtk-ai/rtk/releases/tag/v0.15.0
rtk-ai/rtk,v0.15.1,v0.15.0,2026-02-12T23:40:40Z,ok,3,3,0,1.49,https://github.com/rtk-ai/rtk/releases/tag/v0.15.1
rtk-ai/rtk,v0.15.2,v0.15.1,2026-02-13T15:06:16Z,ok,2,2,0,3.21,https://github.com/rtk-ai/rtk/releases/tag/v0.15.2
rtk-ai/rtk,v0.15.3,v0.15.2,2026-02-13T17:08:41Z,ok,2,2,0,0.09,https://github.com/rtk-ai/rtk/releases/tag/v0.15.3
rtk-ai/rtk,v0.15.4,v0.15.3,2026-02-14T12:15:56Z,ok,4,4,0,18.74,https://github.com/rtk-ai/rtk/releases/tag/v0.15.4
rtk-ai/rtk,v0.16.0,v0.15.4,2026-02-14T13:48:40Z,ok,2,2,0,0.43,https://github.com/rtk-ai/rtk/releases/tag/v0.16.0
rtk-ai/rtk,v0.17.0,v0.16.0,2026-02-15T14:29:00Z,ok,4,4,0,7.23,https://github.com/rtk-ai/rtk/releases/tag/v0.17.0
rtk-ai/rtk,v0.18.0,v0.17.0,2026-02-15T15:01:09Z,ok,2,2,0,0.18,https://github.com/rtk-ai/rtk/releases/tag/v0.18.0
rtk-ai/rtk,v0.18.1,v0.18.0,2026-02-16T07:22:27Z,ok,15,15,0,86.39,https://github.com/rtk-ai/rtk/releases/tag/v0.18.1
rtk-ai/rtk,v0.19.0,v0.18.1,2026-02-16T19:16:28Z,ok,2,2,0,0.22,https://github.com/rtk-ai/rtk/releases/tag/v0.19.0
rtk-ai/rtk,v0.20.0,v0.19.0,2026-02-17T06:29:30Z,ok,7,7,0,21.86,https://github.com/rtk-ai/rtk/releases/tag/v0.20.0
rtk-ai/rtk,v0.20.1,v0.20.0,2026-02-17T09:33:39Z,ok,2,2,0,0.08,https://github.com/rtk-ai/rtk/releases/tag/v0.20.1
rtk-ai/rtk,v0.21.0,v0.20.1,2026-02-17T21:50:03Z,ok,3,3,0,0.37,https://github.com/rtk-ai/rtk/releases/tag/v0.21.0
rtk-ai/rtk,v0.21.1,v0.21.0,2026-02-17T22:06:21Z,ok,2,2,0,0.11,https://github.com/rtk-ai/rtk/releases/tag/v0.21.1
rtk-ai/rtk,v0.22.0,v0.21.1,2026-02-18T15:06:24Z,ok,2,2,0,0.19,https://github.com/rtk-ai/rtk/releases/tag/v0.22.0
rtk-ai/rtk,v0.22.1,v0.22.0,2026-02-19T19:07:36Z,ok,7,7,0,26.77,https://github.com/rtk-ai/rtk/releases/tag/v0.22.1
rtk-ai/rtk,v0.22.2,v0.22.1,2026-02-20T17:21:00Z,ok,6,6,0,117.29,https://github.com/rtk-ai/rtk/releases/tag/v0.22.2
rtk-ai/rtk,v0.23.0,v0.22.2,2026-02-28T21:10:20Z,ok,15,15,0,171.48,https://github.com/rtk-ai/rtk/releases/tag/v0.23.0
rtk-ai/rtk,v0.24.0,v0.23.0,2026-03-04T11:48:31Z,ok,14,14,0,432.18,https://github.com/rtk-ai/rtk/releases/tag/v0.24.0
rtk-ai/rtk,v0.25.0,v0.24.0,2026-03-05T13:32:36Z,ok,3,3,0,5.38,https://github.com/rtk-ai/rtk/releases/tag/v0.25.0
rtk-ai/rtk,v0.26.0,v0.25.0,2026-03-05T20:02:51Z,ok,4,4,0,5.47,https://github.com/rtk-ai/rtk/releases/tag/v0.26.0
rtk-ai/rtk,v0.27.0,v0.26.0,2026-03-05T22:17:53Z,ok,6,6,0,0.74,https://github.com/rtk-ai/rtk/releases/tag/v0.27.0
rtk-ai/rtk,v0.27.1,v0.27.0,2026-03-06T08:46:45Z,ok,5,5,0,0.78,https://github.com/rtk-ai/rtk/releases/tag/v0.27.1
rtk-ai/rtk,v0.27.2,v0.27.1,2026-03-06T11:54:18Z,ok,7,7,0,2.92,https://github.com/rtk-ai/rtk/releases/tag/v0.27.2
rtk-ai/rtk,v0.28.0,v0.27.2,2026-03-10T10:46:26Z,ok,35,35,0,116.61,https://github.com/rtk-ai/rtk/releases/tag/v0.28.0
rtk-ai/rtk,v0.28.1,v0.28.0,2026-03-10T17:13:35Z,ok,3,3,0,1.44,https://github.com/rtk-ai/rtk/releases/tag/v0.28.1
rtk-ai/rtk,v0.28.2,v0.28.1,2026-03-10T19:26:55Z,ok,2,2,0,0.02,https://github.com/rtk-ai/rtk/releases/tag/v0.28.2
rtk-ai/rtk,v0.29.0,v0.28.2,2026-03-12T15:18:20Z,ok,3,3,0,2.49,https://github.com/rtk-ai/rtk/releases/tag/v0.29.0
rtk-ai/rtk,v0.30.0,v0.29.0,2026-03-16T12:45:48Z,ok,56,56,0,203.53,https://github.com/rtk-ai/rtk/releases/tag/v0.30.0
rtk-ai/rtk,v0.30.1,v0.30.0,2026-03-18T13:29:09Z,ok,3,3,0,5.17,https://github.com/rtk-ai/rtk/releases/tag/v0.30.1
rtk-ai/rtk,v0.31.0,v0.30.1,2026-03-19T11:14:34Z,ok,2,2,0,0.68,https://github.com/rtk-ai/rtk/releases/tag/v0.31.0
rtk-ai/rtk,v0.33.0,v0.31.0,2026-03-25T08:39:00Z,ok,46,46,0,166.95,https://github.com/rtk-ai/rtk/releases/tag/v0.33.0
rtk-ai/rtk,v0.33.1,v0.33.0,2026-03-25T12:12:45Z,ok,16,16,0,285.93,https://github.com/rtk-ai/rtk/releases/tag/v0.33.1
rtk-ai/rtk,v0.34.0,v0.33.1,2026-03-26T18:13:42Z,ok,17,17,0,123.25,https://github.com/rtk-ai/rtk/releases/tag/v0.34.0
rtk-ai/rtk,v0.34.1,v0.34.0,2026-03-28T21:28:16Z,ok,8,8,0,27.19,https://github.com/rtk-ai/rtk/releases/tag/v0.34.1
rtk-ai/rtk,v0.34.2,v0.34.1,2026-03-30T13:30:41Z,ok,45,45,0,457.83,https://github.com/rtk-ai/rtk/releases/tag/v0.34.2
rtk-ai/rtk,v0.34.3,v0.34.2,2026-04-02T09:12:46Z,ok,33,33,0,506.99,https://github.com/rtk-ai/rtk/releases/tag/v0.34.3
rtk-ai/rtk,v0.35.0,v0.34.3,2026-04-06T11:54:02Z,ok,37,37,0,162.76,https://github.com/rtk-ai/rtk/releases/tag/v0.35.0
rtk-ai/rtk,v0.36.0,v0.35.0,2026-04-13T18:19:50Z,ok,110,110,0,1097.57,https://github.com/rtk-ai/rtk/releases/tag/v0.36.0
rtk-ai/rtk,v0.37.0,v0.36.0,2026-04-17T07:51:29Z,ok,43,43,0,1013.07,https://github.com/rtk-ai/rtk/releases/tag/v0.37.0
rtk-ai/rtk,v0.37.1,v0.37.0,2026-04-18T13:51:20Z,ok,7,7,0,99.99,https://github.com/rtk-ai/rtk/releases/tag/v0.37.1
rtk-ai/rtk,v0.37.2,v0.37.1,2026-04-20T17:57:20Z,ok,17,17,0,138.07,https://github.com/rtk-ai/rtk/releases/tag/v0.37.2
rtk-ai/rtk,v0.38.0,v0.37.2,2026-04-29T18:48:48Z,ok,54,54,0,812.94,https://github.com/rtk-ai/rtk/releases/tag/v0.38.0
rtk-ai/rtk,v0.39.0,v0.38.0,2026-05-06T15:49:01Z,ok,45,45,0,1457.73,https://github.com/rtk-ai/rtk/releases/tag/v0.39.0
rtk-ai/rtk,v0.40.0,v0.39.0,2026-05-13T19:57:04Z,ok,51,51,0,590.83,https://github.com/rtk-ai/rtk/releases/tag/v0.40.0
rtk-ai/rtk,v0.41.0,v0.40.0,2026-05-23T07:43:46Z,ok,42,42,0,855.8,https://github.com/rtk-ai/rtk/releases/tag/v0.41.0
rtk-ai/rtk,v0.42.0,v0.41.0,2026-05-24T15:42:11Z,ok,22,22,0,433.99,https://github.com/rtk-ai/rtk/releases/tag/v0.42.0
rtk-ai/rtk,v0.42.1,v0.42.0,2026-06-03T12:43:56Z,ok,4,4,0,1.0,https://github.com/rtk-ai/rtk/releases/tag/v0.42.1
rtk-ai/rtk,v0.42.2,v0.42.1,2026-06-05T10:57:52Z,ok,9,9,0,43.01,https://github.com/rtk-ai/rtk/releases/tag/v0.42.2
rtk-ai/rtk,v0.42.3,v0.42.2,2026-06-05T16:23:07Z,ok,75,75,0,1451.93,https://github.com/rtk-ai/rtk/releases/tag/v0.42.3
rtk-ai/rtk,v0.42.4,v0.42.3,2026-06-12T16:06:31Z,ok,35,35,0,1035.87,https://github.com/rtk-ai/rtk/releases/tag/v0.42.4
rtk-ai/rtk,v0.43.0,v0.42.4,2026-06-28T08:55:20Z,ok,71,71,0,1768.59,https://github.com/rtk-ai/rtk/releases/tag/v0.43.0
rtk-ai/rtk,v0.44.0,v0.43.0,2026-07-26T12:39:04Z,ok,200,200,0,3071.62,https://github.com/rtk-ai/rtk/releases/tag/v0.44.0
rtk-ai/rtk,v0.44.1,v0.44.0,2026-07-28T13:51:32Z,ok,20,20,0,122.95,https://github.com/rtk-ai/rtk/releases/tag/v0.44.1
rtk-ai/rtk,v0.44.2,v0.44.1,2026-08-01T16:47:18Z,ok,13,13,0,1301.44,https://github.com/rtk-ai/rtk/releases/tag/v0.44.2
rtk-ai/rtk,v0.45.0,v0.44.2,2026-08-07T09:41:43Z,ok,29,29,0,339.57,https://github.com/rtk-ai/rtk/releases/tag/v0.45.0
rtk-ai/rtk,v0.46.0,v0.45.0,2026-08-26T19:07:43Z,ok,59,59,0,1404.97,https://github.com/rtk-ai/rtk/releases/tag/v0.46.0
rtk-ai/rtk,v0.47.0,v0.46.0,2026-09-02T07:32:02Z,ok,120,120,0,3134.18,https://github.com/rtk-ai/rtk/releases/tag/v0.47.0
rtk-ai/rtk,v0.48.0,v0.47.0,2026-09-04T14:35:14Z,ok,68,68,0,3566.15,https://github.com/rtk-ai/rtk/releases/tag/v0.48.0
rtk-ai/rtk,v0.49.0,v0.48.0,2026-09-11T08:52:38Z,ok,133,133,0,4813.3,https://github.com/rtk-ai/rtk/releases/tag/v0.49.0
rtk-ai/rtk,v0.50.0,v0.49.0,2026-09-24T10:02:31Z,ok,226,226,0,4477.09,https://github.com/rtk-ai/rtk/releases/tag/v0.50.0
rtk-ai/rtk,v0.51.0,v0.50.0,2026-10-02T13:33:54Z,ok,108,108,0,2709.5,https://github.com/rtk-ai/rtk/releases/tag/v0.51.0
rustdesk/rustdesk,1.4.3,1.4.2,2025-10-17T16:45:52Z,ok,51,51,0,731.14,https://github.com/rustdesk/rustdesk/releases/tag/1.4.3
rustdesk/rustdesk,1.4.4,1.4.3,2025-11-19T03:52:18Z,ok,74,74,0,771.04,https://github.com/rustdesk/rustdesk/releases/tag/1.4.4
rustdesk/rustdesk,1.4.5,1.4.4,2026-01-09T02:28:28Z,ok,65,65,0,1188.21,https://github.com/rustdesk/rustdesk/releases/tag/1.4.5
rustdesk/rustdesk,1.4.6,1.4.5,2026-03-05T05:05:30Z,ok,100,100,0,1317.51,https://github.com/rustdesk/rustdesk/releases/tag/1.4.6
rustdesk/rustdesk,1.4.7,1.4.6,2026-06-02T15:36:22Z,ok,144,144,0,2136.43,https://github.com/rustdesk/rustdesk/releases/tag/1.4.7
rustdesk/rustdesk,1.4.8,1.4.7,2026-06-21T09:12:23Z,ok,36,36,0,411.14,https://github.com/rustdesk/rustdesk/releases/tag/1.4.8
rustdesk/rustdesk,1.4.9,1.4.8,2026-07-06T10:02:30Z,ok,32,32,0,340.36,https://github.com/rustdesk/rustdesk/releases/tag/1.4.9
rustdesk/rustdesk,1.5.0,1.4.9,2026-09-30T16:11:03Z,ok,273,273,0,2049.28,https://github.com/rustdesk/rustdesk/releases/tag/1.5.0
shadcn-ui/ui,shadcn@3.4.0,shadcn@3.3.1,2025-10-05T10:24:44Z,ok,17,17,0,404.76,https://github.com/shadcn-ui/ui/releases/tag/shadcn%403.4.0
shadcn-ui/ui,shadcn@3.4.1,shadcn@3.4.0,2025-10-15T08:13:15Z,ok,49,49,0,232.16,https://github.com/shadcn-ui/ui/releases/tag/shadcn%403.4.1
shadcn-ui/ui,shadcn@3.4.2,shadcn@3.4.1,2025-10-15T18:56:21Z,ok,4,4,0,0.88,https://github.com/shadcn-ui/ui/releases/tag/shadcn%403.4.2
shadcn-ui/ui,shadcn@3.5.0,shadcn@3.4.2,2025-10-23T18:13:16Z,ok,27,27,0,177.12,https://github.com/shadcn-ui/ui/releases/tag/shadcn%403.5.0
shadcn-ui/ui,shadcn@3.5.1,shadcn@3.5.0,2025-11-27T17:17:16Z,ok,108,108,0,826.66,https://github.com/shadcn-ui/ui/releases/tag/shadcn%403.5.1
shadcn-ui/ui,shadcn@3.5.2,shadcn@3.5.1,2025-12-09T17:26:46Z,ok,20,20,0,212.71,https://github.com/shadcn-ui/ui/releases/tag/shadcn%403.5.2
shadcn-ui/ui,shadcn@3.6.0,shadcn@3.5.2,2025-12-13T22:32:47Z,ok,14,14,0,41.92,https://github.com/shadcn-ui/ui/releases/tag/shadcn%403.6.0
shadcn-ui/ui,shadcn@3.6.1,shadcn@3.6.0,2025-12-13T22:34:05Z,ok,0,0,0,,https://github.com/shadcn-ui/ui/releases/tag/shadcn%403.6.1
shadcn-ui/ui,shadcn@3.6.2,shadcn@3.6.1,2025-12-17T18:08:37Z,ok,33,33,0,56.82,https://github.com/shadcn-ui/ui/releases/tag/shadcn%403.6.2
shadcn-ui/ui,shadcn@3.6.3,shadcn@3.6.2,2026-01-06T10:41:09Z,ok,10,10,0,444.31,https://github.com/shadcn-ui/ui/releases/tag/shadcn%403.6.3
shadcn-ui/ui,shadcn@3.7.0,shadcn@3.6.3,2026-01-16T14:08:12Z,ok,11,11,0,96.14,https://github.com/shadcn-ui/ui/releases/tag/shadcn%403.7.0
shadcn-ui/ui,shadcn@3.8.0,shadcn@3.7.0,2026-01-30T17:14:25Z,ok,47,47,0,320.04,https://github.com/shadcn-ui/ui/releases/tag/shadcn%403.8.0
shadcn-ui/ui,shadcn@3.8.1,shadcn@3.8.0,2026-01-31T11:11:27Z,ok,5,5,0,16.94,https://github.com/shadcn-ui/ui/releases/tag/shadcn%403.8.1
shadcn-ui/ui,shadcn@3.8.2,shadcn@3.8.1,2026-02-02T11:30:23Z,ok,19,19,0,71.3,https://github.com/shadcn-ui/ui/releases/tag/shadcn%403.8.2
shadcn-ui/ui,shadcn@3.8.3,shadcn@3.8.2,2026-02-04T17:11:29Z,ok,41,41,0,215.01,https://github.com/shadcn-ui/ui/releases/tag/shadcn%403.8.3
shadcn-ui/ui,shadcn@3.8.4,shadcn@3.8.3,2026-02-06T07:24:27Z,ok,18,18,0,38.9,https://github.com/shadcn-ui/ui/releases/tag/shadcn%403.8.4
shadcn-ui/ui,shadcn@3.8.5,shadcn@3.8.4,2026-02-16T10:46:13Z,ok,69,69,0,1079.08,https://github.com/shadcn-ui/ui/releases/tag/shadcn%403.8.5
shadcn-ui/ui,shadcn@4.0.0,shadcn@3.8.5,2026-03-06T17:29:33Z,ok,263,263,0,1444.32,https://github.com/shadcn-ui/ui/releases/tag/shadcn%404.0.0
shadcn-ui/ui,shadcn@4.0.1,shadcn@4.0.0,2026-03-08T08:45:37Z,ok,26,26,0,68.33,https://github.com/shadcn-ui/ui/releases/tag/shadcn%404.0.1
shadcn-ui/ui,shadcn@4.0.2,shadcn@4.0.1,2026-03-08T12:13:32Z,ok,17,17,0,192.56,https://github.com/shadcn-ui/ui/releases/tag/shadcn%404.0.2
shadcn-ui/ui,shadcn@4.0.3,shadcn@4.0.2,2026-03-10T18:09:45Z,ok,28,28,0,431.99,https://github.com/shadcn-ui/ui/releases/tag/shadcn%404.0.3
shadcn-ui/ui,shadcn@4.0.4,shadcn@4.0.3,2026-03-11T06:52:17Z,ok,22,22,0,1099.18,https://github.com/shadcn-ui/ui/releases/tag/shadcn%404.0.4
shadcn-ui/ui,shadcn@4.0.5,shadcn@4.0.4,2026-03-11T08:16:16Z,ok,10,10,0,1074.74,https://github.com/shadcn-ui/ui/releases/tag/shadcn%404.0.5
shadcn-ui/ui,shadcn@4.0.6,shadcn@4.0.5,2026-03-13T04:41:32Z,ok,13,13,0,39.81,https://github.com/shadcn-ui/ui/releases/tag/shadcn%404.0.6
shadcn-ui/ui,shadcn@4.0.7,shadcn@4.0.6,2026-03-14T14:51:47Z,ok,51,51,0,142.03,https://github.com/shadcn-ui/ui/releases/tag/shadcn%404.0.7
shadcn-ui/ui,shadcn@4.0.8,shadcn@4.0.7,2026-03-15T06:08:53Z,ok,3,3,0,0.13,https://github.com/shadcn-ui/ui/releases/tag/shadcn%404.0.8
shadcn-ui/ui,shadcn@4.1.0,shadcn@4.0.8,2026-03-19T19:38:35Z,ok,19,19,0,108.53,https://github.com/shadcn-ui/ui/releases/tag/shadcn%404.1.0
shadcn-ui/ui,shadcn@4.1.1,shadcn@4.1.0,2026-03-27T07:38:11Z,ok,41,41,0,162.86,https://github.com/shadcn-ui/ui/releases/tag/shadcn%404.1.1
shadcn-ui/ui,shadcn@4.1.2,shadcn@4.1.1,2026-03-31T18:28:37Z,ok,8,8,0,98.85,https://github.com/shadcn-ui/ui/releases/tag/shadcn%404.1.2
shadcn-ui/ui,shadcn@4.2.0,shadcn@4.1.2,2026-04-07T18:14:45Z,ok,73,73,0,329.73,https://github.com/shadcn-ui/ui/releases/tag/shadcn%404.2.0
shadcn-ui/ui,shadcn@4.3.0,shadcn@4.2.0,2026-04-16T16:57:55Z,ok,46,46,0,1753.2,https://github.com/shadcn-ui/ui/releases/tag/shadcn%404.3.0
shadcn-ui/ui,shadcn@4.3.1,shadcn@4.3.0,2026-04-20T08:19:37Z,ok,18,18,0,600.91,https://github.com/shadcn-ui/ui/releases/tag/shadcn%404.3.1
shadcn-ui/ui,shadcn@4.4.0,shadcn@4.3.1,2026-04-21T12:29:24Z,ok,24,24,0,161.0,https://github.com/shadcn-ui/ui/releases/tag/shadcn%404.4.0
shadcn-ui/ui,shadcn@4.5.0,shadcn@4.4.0,2026-04-25T10:40:58Z,ok,10,10,0,93.54,https://github.com/shadcn-ui/ui/releases/tag/shadcn%404.5.0
shadcn-ui/ui,shadcn@4.6.0,shadcn@4.5.0,2026-04-28T16:46:39Z,ok,12,12,0,49.74,https://github.com/shadcn-ui/ui/releases/tag/shadcn%404.6.0
shadcn-ui/ui,shadcn@4.7.0,shadcn@4.6.0,2026-05-05T12:57:28Z,ok,10,10,0,163.45,https://github.com/shadcn-ui/ui/releases/tag/shadcn%404.7.0
shadcn-ui/ui,shadcn@4.8.0,shadcn@4.7.0,2026-05-21T13:58:22Z,ok,29,29,0,364.82,https://github.com/shadcn-ui/ui/releases/tag/shadcn%404.8.0
shadcn-ui/ui,shadcn@4.8.1,shadcn@4.8.0,2026-05-26T18:59:35Z,ok,9,9,0,103.06,https://github.com/shadcn-ui/ui/releases/tag/shadcn%404.8.1
shadcn-ui/ui,shadcn@4.8.2,shadcn@4.8.1,2026-05-27T17:11:17Z,ok,8,8,0,21.24,https://github.com/shadcn-ui/ui/releases/tag/shadcn%404.8.2
shadcn-ui/ui,shadcn@4.8.3,shadcn@4.8.2,2026-05-29T08:11:48Z,ok,4,4,0,37.7,https://github.com/shadcn-ui/ui/releases/tag/shadcn%404.8.3
shadcn-ui/ui,shadcn@4.9.0,shadcn@4.8.3,2026-05-31T12:19:26Z,ok,6,6,0,49.1,https://github.com/shadcn-ui/ui/releases/tag/shadcn%404.9.0
shadcn-ui/ui,shadcn@4.10.0,shadcn@4.9.0,2026-06-01T10:59:03Z,ok,3,3,0,3.24,https://github.com/shadcn-ui/ui/releases/tag/shadcn%404.10.0
shadcn-ui/ui,shadcn@4.11.0,shadcn@4.10.0,2026-06-08T13:49:39Z,ok,13,13,0,165.45,https://github.com/shadcn-ui/ui/releases/tag/shadcn%404.11.0
shadcn-ui/ui,shadcn@4.11.1,shadcn@4.11.0,2026-06-26T07:16:31Z,ok,44,44,0,422.99,https://github.com/shadcn-ui/ui/releases/tag/shadcn%404.11.1
shadcn-ui/ui,shadcn@4.12.0,shadcn@4.11.1,2026-06-26T17:26:57Z,ok,2,2,0,0.12,https://github.com/shadcn-ui/ui/releases/tag/shadcn%404.12.0
shadcn-ui/ui,@shadcn/react@0.2.0,shadcn@4.12.0,2026-06-30T06:34:55Z,ok,14,14,0,84.85,https://github.com/shadcn-ui/ui/releases/tag/%40shadcn/react%400.2.0
shadcn-ui/ui,shadcn@4.13.0,@shadcn/react@0.2.0,2026-07-03T12:29:04Z,ok,8,8,0,26.21,https://github.com/shadcn-ui/ui/releases/tag/shadcn%404.13.0
shadcn-ui/ui,@shadcn/react@0.2.1,shadcn@4.13.0,2026-07-08T08:11:58Z,ok,12,12,0,48.38,https://github.com/shadcn-ui/ui/releases/tag/%40shadcn/react%400.2.1
shadcn-ui/ui,shadcn@4.13.1,@shadcn/react@0.2.1,2026-07-17T15:23:41Z,ok,25,25,0,218.4,https://github.com/shadcn-ui/ui/releases/tag/shadcn%404.13.1
shadcn-ui/ui,shadcn@4.14.0,shadcn@4.13.1,2026-07-22T11:06:55Z,ok,10,10,0,115.43,https://github.com/shadcn-ui/ui/releases/tag/shadcn%404.14.0
shadcn-ui/ui,shadcn@4.14.1,shadcn@4.14.0,2026-07-23T16:02:41Z,ok,5,5,0,22.65,https://github.com/shadcn-ui/ui/releases/tag/shadcn%404.14.1
shadcn-ui/ui,shadcn@4.15.0,shadcn@4.14.1,2026-07-25T18:05:56Z,ok,8,8,0,46.26,https://github.com/shadcn-ui/ui/releases/tag/shadcn%404.15.0
shadcn-ui/ui,shadcn@4.16.0,shadcn@4.15.0,2026-07-27T18:32:08Z,ok,7,7,0,47.85,https://github.com/shadcn-ui/ui/releases/tag/shadcn%404.16.0
shadcn-ui/ui,shadcn@4.16.1,shadcn@4.16.0,2026-07-31T13:58:43Z,ok,21,21,0,77.92,https://github.com/shadcn-ui/ui/releases/tag/shadcn%404.16.1
shadcn-ui/ui,@shadcn/react@0.3.0,shadcn@4.16.1,2026-08-05T19:13:18Z,ok,6,6,0,57.96,https://github.com/shadcn-ui/ui/releases/tag/%40shadcn/react%400.3.0
shadcn-ui/ui,shadcn@4.16.2,@shadcn/react@0.3.0,2026-08-06T11:37:08Z,ok,1,1,0,0.02,https://github.com/shadcn-ui/ui/releases/tag/shadcn%404.16.2
shadcn-ui/ui,shadcn@4.17.0,shadcn@4.16.2,2026-08-11T20:39:12Z,ok,21,21,0,123.49,https://github.com/shadcn-ui/ui/releases/tag/shadcn%404.17.0
shadcn-ui/ui,@shadcn/helpers@0.2.0,shadcn@4.17.0,2026-08-11T20:49:34Z,ok,0,0,0,,https://github.com/shadcn-ui/ui/releases/tag/%40shadcn/helpers%400.2.0
shadcn-ui/ui,shadcn@4.18.0,@shadcn/helpers@0.2.0,2026-08-13T18:44:31Z,ok,9,9,0,28.45,https://github.com/shadcn-ui/ui/releases/tag/shadcn%404.18.0
shadcn-ui/ui,shadcn@4.19.0,shadcn@4.18.0,2026-08-21T17:28:23Z,ok,19,19,0,103.96,https://github.com/shadcn-ui/ui/releases/tag/shadcn%404.19.0
shadcn-ui/ui,@shadcn/react@0.3.1,shadcn@4.19.0,2026-08-31T09:55:45Z,ok,17,17,0,191.73,https://github.com/shadcn-ui/ui/releases/tag/%40shadcn/react%400.3.1
shadcn-ui/ui,shadcn@4.19.1,@shadcn/react@0.3.1,2026-08-31T09:55:48Z,ok,0,0,0,,https://github.com/shadcn-ui/ui/releases/tag/shadcn%404.19.1
shadcn-ui/ui,shadcn@4.20.0,shadcn@4.19.1,2026-09-02T12:02:03Z,ok,5,5,0,16.2,https://github.com/shadcn-ui/ui/releases/tag/shadcn%404.20.0
shadcn-ui/ui,shadcn@4.20.1,shadcn@4.20.0,2026-09-02T16:34:13Z,ok,3,3,0,3.76,https://github.com/shadcn-ui/ui/releases/tag/shadcn%404.20.1
shadcn-ui/ui,shadcn@4.21.0,shadcn@4.20.1,2026-09-04T05:32:33Z,ok,3,3,0,10.1,https://github.com/shadcn-ui/ui/releases/tag/shadcn%404.21.0
shadcn-ui/ui,@shadcn/registry@0.1.0,shadcn@4.21.0,2026-10-01T10:30:50Z,ok,44,44,0,601.37,https://github.com/shadcn-ui/ui/releases/tag/%40shadcn/registry%400.1.0
shadcn-ui/ui,shadcn@4.21.1,@shadcn/registry@0.1.0,2026-10-01T10:30:53Z,ok,0,0,0,,https://github.com/shadcn-ui/ui/releases/tag/shadcn%404.21.1
Significant-Gravitas/AutoGPT,autogpt-platform-beta-v0.6.31,autogpt-platform-beta-v0.6.30,2025-10-02T04:00:48Z,ok,26,26,0,166.15,https://github.com/Significant-Gravitas/AutoGPT/releases/tag/autogpt-platform-beta-v0.6.31
Significant-Gravitas/AutoGPT,autogpt-platform-beta-v0.6.32,autogpt-platform-beta-v0.6.31,2025-10-08T17:49:04Z,ok,28,28,0,151.68,https://github.com/Significant-Gravitas/AutoGPT/releases/tag/autogpt-platform-beta-v0.6.32
Significant-Gravitas/AutoGPT,autogpt-platform-beta-v0.6.33,autogpt-platform-beta-v0.6.32,2025-10-16T23:10:14Z,ok,43,43,0,192.28,https://github.com/Significant-Gravitas/AutoGPT/releases/tag/autogpt-platform-beta-v0.6.33
Significant-Gravitas/AutoGPT,autogpt-platform-beta-v0.6.34,autogpt-platform-beta-v0.6.33,2025-10-22T17:26:37Z,ok,57,57,0,151.62,https://github.com/Significant-Gravitas/AutoGPT/releases/tag/autogpt-platform-beta-v0.6.34
Significant-Gravitas/AutoGPT,autogpt-platform-beta-v0.6.35,autogpt-platform-beta-v0.6.34,2025-10-30T13:30:13Z,ok,32,32,0,171.73,https://github.com/Significant-Gravitas/AutoGPT/releases/tag/autogpt-platform-beta-v0.6.35
Significant-Gravitas/AutoGPT,autogpt-platform-beta-v0.6.36,autogpt-platform-beta-v0.6.35,2025-11-07T20:56:58Z,ok,34,34,0,171.48,https://github.com/Significant-Gravitas/AutoGPT/releases/tag/autogpt-platform-beta-v0.6.36
Significant-Gravitas/AutoGPT,autogpt-platform-beta-v0.6.37,autogpt-platform-beta-v0.6.36,2025-11-17T21:53:08Z,ok,30,30,0,247.82,https://github.com/Significant-Gravitas/AutoGPT/releases/tag/autogpt-platform-beta-v0.6.37
Significant-Gravitas/AutoGPT,autogpt-platform-beta-v0.6.38,autogpt-platform-beta-v0.6.37,2025-11-26T13:02:53Z,ok,35,35,0,213.64,https://github.com/Significant-Gravitas/AutoGPT/releases/tag/autogpt-platform-beta-v0.6.38
Significant-Gravitas/AutoGPT,autogpt-platform-beta-v0.6.39,autogpt-platform-beta-v0.6.38,2025-12-03T07:19:02Z,ok,33,33,0,159.61,https://github.com/Significant-Gravitas/AutoGPT/releases/tag/autogpt-platform-beta-v0.6.39
Significant-Gravitas/AutoGPT,autogpt-platform-beta-v0.6.40,autogpt-platform-beta-v0.6.39,2025-12-11T14:55:10Z,ok,42,42,0,199.36,https://github.com/Significant-Gravitas/AutoGPT/releases/tag/autogpt-platform-beta-v0.6.40
Significant-Gravitas/AutoGPT,autogpt-platform-beta-v0.6.41,autogpt-platform-beta-v0.6.40,2026-01-07T12:49:32Z,ok,46,46,0,626.86,https://github.com/Significant-Gravitas/AutoGPT/releases/tag/autogpt-platform-beta-v0.6.41
Significant-Gravitas/AutoGPT,autogpt-platform-beta-v0.6.42,autogpt-platform-beta-v0.6.41,2026-01-14T15:47:09Z,ok,27,27,0,151.75,https://github.com/Significant-Gravitas/AutoGPT/releases/tag/autogpt-platform-beta-v0.6.42
Significant-Gravitas/AutoGPT,autogpt-platform-beta-v0.6.43,autogpt-platform-beta-v0.6.42,2026-01-22T08:51:55Z,ok,34,34,0,172.73,https://github.com/Significant-Gravitas/AutoGPT/releases/tag/autogpt-platform-beta-v0.6.43
Significant-Gravitas/AutoGPT,v0.6.44,autogpt-platform-beta-v0.6.43,2026-01-28T11:26:55Z,ok,32,32,0,145.72,https://github.com/Significant-Gravitas/AutoGPT/releases/tag/v0.6.44
Significant-Gravitas/AutoGPT,autogpt-platform-beta-v0.6.45,v0.6.44,2026-01-28T21:19:00Z,ok,6,6,0,2.84,https://github.com/Significant-Gravitas/AutoGPT/releases/tag/autogpt-platform-beta-v0.6.45
Significant-Gravitas/AutoGPT,autogpt-platform-beta-v0.6.46,autogpt-platform-beta-v0.6.45,2026-02-04T11:59:11Z,ok,35,35,0,150.16,https://github.com/Significant-Gravitas/AutoGPT/releases/tag/autogpt-platform-beta-v0.6.46
Significant-Gravitas/AutoGPT,autogpt-platform-beta-v0.6.47,autogpt-platform-beta-v0.6.46,2026-02-10T19:17:47Z,ok,45,45,0,146.84,https://github.com/Significant-Gravitas/AutoGPT/releases/tag/autogpt-platform-beta-v0.6.47
Significant-Gravitas/AutoGPT,autogpt-platform-beta-v0.6.48,autogpt-platform-beta-v0.6.47,2026-02-11T03:50:23Z,ok,4,4,0,6.37,https://github.com/Significant-Gravitas/AutoGPT/releases/tag/autogpt-platform-beta-v0.6.48
Significant-Gravitas/AutoGPT,autogpt-platform-beta-v0.6.49,autogpt-platform-beta-v0.6.48,2026-02-26T19:44:10Z,ok,82,82,0,366.58,https://github.com/Significant-Gravitas/AutoGPT/releases/tag/autogpt-platform-beta-v0.6.49
Significant-Gravitas/AutoGPT,autogpt-platform-beta-v0.6.50,autogpt-platform-beta-v0.6.49,2026-03-04T23:06:33Z,ok,17,17,0,145.63,https://github.com/Significant-Gravitas/AutoGPT/releases/tag/autogpt-platform-beta-v0.6.50
Significant-Gravitas/AutoGPT,autogpt-platform-beta-v0.6.51,autogpt-platform-beta-v0.6.50,2026-03-12T20:59:49Z,ok,72,72,0,188.18,https://github.com/Significant-Gravitas/AutoGPT/releases/tag/autogpt-platform-beta-v0.6.51
Significant-Gravitas/AutoGPT,autogpt-platform-beta-v0.6.52,autogpt-platform-beta-v0.6.51,2026-03-20T04:00:40Z,ok,68,68,0,176.55,https://github.com/Significant-Gravitas/AutoGPT/releases/tag/autogpt-platform-beta-v0.6.52
Significant-Gravitas/AutoGPT,autogpt-platform-beta-v0.6.53,autogpt-platform-beta-v0.6.52,2026-03-25T05:17:45Z,ok,32,32,0,116.12,https://github.com/Significant-Gravitas/AutoGPT/releases/tag/autogpt-platform-beta-v0.6.53
Significant-Gravitas/AutoGPT,autogpt-platform-beta-v0.6.54,autogpt-platform-beta-v0.6.53,2026-04-08T17:30:21Z,ok,82,82,0,346.53,https://github.com/Significant-Gravitas/AutoGPT/releases/tag/autogpt-platform-beta-v0.6.54
Significant-Gravitas/AutoGPT,autogpt-platform-beta-v0.6.55,autogpt-platform-beta-v0.6.54,2026-04-15T14:12:30Z,ok,143,143,0,190.25,https://github.com/Significant-Gravitas/AutoGPT/releases/tag/autogpt-platform-beta-v0.6.55
Significant-Gravitas/AutoGPT,autogpt-platform-beta-v0.6.56,autogpt-platform-beta-v0.6.55,2026-04-15T14:53:37Z,ok,2,2,0,0.73,https://github.com/Significant-Gravitas/AutoGPT/releases/tag/autogpt-platform-beta-v0.6.56
Significant-Gravitas/AutoGPT,autogpt-platform-beta-v0.6.57,autogpt-platform-beta-v0.6.56,2026-04-22T15:45:18Z,ok,51,51,0,174.24,https://github.com/Significant-Gravitas/AutoGPT/releases/tag/autogpt-platform-beta-v0.6.57
Significant-Gravitas/AutoGPT,autogpt-platform-beta-v0.6.58,autogpt-platform-beta-v0.6.57,2026-04-29T17:06:26Z,ok,44,44,0,168.54,https://github.com/Significant-Gravitas/AutoGPT/releases/tag/autogpt-platform-beta-v0.6.58
Significant-Gravitas/AutoGPT,autogpt-platform-beta-v0.6.59,autogpt-platform-beta-v0.6.58,2026-05-07T09:23:04Z,ok,48,48,0,173.97,https://github.com/Significant-Gravitas/AutoGPT/releases/tag/autogpt-platform-beta-v0.6.59
Significant-Gravitas/AutoGPT,autogpt-platform-beta-v0.6.60,autogpt-platform-beta-v0.6.59,2026-05-13T14:23:58Z,ok,61,61,0,148.15,https://github.com/Significant-Gravitas/AutoGPT/releases/tag/autogpt-platform-beta-v0.6.60
Significant-Gravitas/AutoGPT,autogpt-platform-beta-v0.6.61,autogpt-platform-beta-v0.6.60,2026-05-20T13:16:24Z,ok,18,18,0,151.57,https://github.com/Significant-Gravitas/AutoGPT/releases/tag/autogpt-platform-beta-v0.6.61
Significant-Gravitas/AutoGPT,autogpt-platform-beta-v0.6.62,autogpt-platform-beta-v0.6.61,2026-05-28T02:12:41Z,ok,39,39,0,176.81,https://github.com/Significant-Gravitas/AutoGPT/releases/tag/autogpt-platform-beta-v0.6.62
Significant-Gravitas/AutoGPT,autogpt-platform-beta-v0.6.63,autogpt-platform-beta-v0.6.62,2026-06-10T20:56:47Z,ok,54,54,0,329.5,https://github.com/Significant-Gravitas/AutoGPT/releases/tag/autogpt-platform-beta-v0.6.63
Significant-Gravitas/AutoGPT,autogpt-platform-beta-v0.6.64,autogpt-platform-beta-v0.6.63,2026-06-18T07:57:58Z,ok,29,29,0,173.76,https://github.com/Significant-Gravitas/AutoGPT/releases/tag/autogpt-platform-beta-v0.6.64
Significant-Gravitas/AutoGPT,autogpt-platform-beta-v0.6.65,autogpt-platform-beta-v0.6.64,2026-06-25T15:20:28Z,ok,20,20,0,175.19,https://github.com/Significant-Gravitas/AutoGPT/releases/tag/autogpt-platform-beta-v0.6.65
Significant-Gravitas/AutoGPT,autogpt-platform-beta-v0.6.66,autogpt-platform-beta-v0.6.65,2026-07-09T00:43:12Z,ok,33,33,0,316.07,https://github.com/Significant-Gravitas/AutoGPT/releases/tag/autogpt-platform-beta-v0.6.66
Significant-Gravitas/AutoGPT,autogpt-platform-beta-v0.6.67,autogpt-platform-beta-v0.6.66,2026-07-15T16:44:42Z,ok,31,31,0,158.66,https://github.com/Significant-Gravitas/AutoGPT/releases/tag/autogpt-platform-beta-v0.6.67
Significant-Gravitas/AutoGPT,autogpt-platform-beta-v0.6.68,autogpt-platform-beta-v0.6.67,2026-07-17T11:48:38Z,ok,8,8,0,44.01,https://github.com/Significant-Gravitas/AutoGPT/releases/tag/autogpt-platform-beta-v0.6.68
Significant-Gravitas/AutoGPT,autogpt-platform-beta-v0.6.69,autogpt-platform-beta-v0.6.68,2026-07-22T15:55:18Z,ok,32,32,0,122.96,https://github.com/Significant-Gravitas/AutoGPT/releases/tag/autogpt-platform-beta-v0.6.69
Significant-Gravitas/AutoGPT,autogpt-platform-beta-v0.6.70,autogpt-platform-beta-v0.6.69,2026-07-29T14:58:43Z,ok,22,22,0,167.12,https://github.com/Significant-Gravitas/AutoGPT/releases/tag/autogpt-platform-beta-v0.6.70
Significant-Gravitas/AutoGPT,autogpt-platform-beta-v0.7.0,autogpt-platform-beta-v0.6.70,2026-08-05T14:02:43Z,ok,15,15,0,167.16,https://github.com/Significant-Gravitas/AutoGPT/releases/tag/autogpt-platform-beta-v0.7.0
Significant-Gravitas/AutoGPT,autogpt-platform-beta-v0.7.1,autogpt-platform-beta-v0.7.0,2026-08-13T04:14:57Z,ok,43,43,0,177.59,https://github.com/Significant-Gravitas/AutoGPT/releases/tag/autogpt-platform-beta-v0.7.1
Significant-Gravitas/AutoGPT,autogpt-platform-beta-v0.7.2,autogpt-platform-beta-v0.7.1,2026-08-21T04:54:17Z,ok,43,43,0,192.36,https://github.com/Significant-Gravitas/AutoGPT/releases/tag/autogpt-platform-beta-v0.7.2
Significant-Gravitas/AutoGPT,autogpt-platform-beta-v0.7.3,autogpt-platform-beta-v0.7.2,2026-08-28T06:48:00Z,ok,25,25,0,124.7,https://github.com/Significant-Gravitas/AutoGPT/releases/tag/autogpt-platform-beta-v0.7.3
Significant-Gravitas/AutoGPT,autogpt-platform-beta-v0.7.4,autogpt-platform-beta-v0.7.3,2026-09-04T12:11:43Z,ok,39,39,0,165.09,https://github.com/Significant-Gravitas/AutoGPT/releases/tag/autogpt-platform-beta-v0.7.4
Significant-Gravitas/AutoGPT,autogpt-platform-beta-v0.8.0,autogpt-platform-beta-v0.7.4,2026-09-19T05:07:45Z,ok,270,270,0,354.83,https://github.com/Significant-Gravitas/AutoGPT/releases/tag/autogpt-platform-beta-v0.8.0
Significant-Gravitas/AutoGPT,autogpt-platform-beta-v0.8.1,autogpt-platform-beta-v0.8.0,2026-09-24T09:35:53Z,ok,97,97,0,124.16,https://github.com/Significant-Gravitas/AutoGPT/releases/tag/autogpt-platform-beta-v0.8.1
Significant-Gravitas/AutoGPT,autogpt-platform-beta-v0.8.2,autogpt-platform-beta-v0.8.1,2026-09-30T05:25:31Z,ok,121,121,0,140.45,https://github.com/Significant-Gravitas/AutoGPT/releases/tag/autogpt-platform-beta-v0.8.2
syncthing/syncthing,v2.0.11,v2.0.10,2025-11-04T08:51:05Z,ok,19,19,0,853.51,https://github.com/syncthing/syncthing/releases/tag/v2.0.11
syncthing/syncthing,v2.0.12,v2.0.11,2025-12-02T08:11:24Z,ok,7,7,0,766.17,https://github.com/syncthing/syncthing/releases/tag/v2.0.12
syncthing/syncthing,v2.0.13,v2.0.12,2026-01-06T12:09:32Z,ok,14,14,0,1238.57,https://github.com/syncthing/syncthing/releases/tag/v2.0.13
syncthing/syncthing,v2.0.14,v2.0.13,2026-02-03T08:55:20Z,ok,15,15,0,997.98,https://github.com/syncthing/syncthing/releases/tag/v2.0.14
syncthing/syncthing,v2.0.15,v2.0.14,2026-03-03T08:50:59Z,ok,10,10,0,648.75,https://github.com/syncthing/syncthing/releases/tag/v2.0.15
syncthing/syncthing,v2.0.16,v2.0.15,2026-04-07T14:45:12Z,ok,11,11,0,1301.06,https://github.com/syncthing/syncthing/releases/tag/v2.0.16
syncthing/syncthing,v2.1.0,v2.0.16,2026-05-12T06:46:04Z,ok,55,55,0,1370.14,https://github.com/syncthing/syncthing/releases/tag/v2.1.0
syncthing/syncthing,v2.1.1,v2.1.0,2026-06-02T11:50:30Z,ok,24,24,0,576.44,https://github.com/syncthing/syncthing/releases/tag/v2.1.1
syncthing/syncthing,v2.1.2,v2.1.1,2026-07-08T13:43:41Z,ok,23,23,0,1048.11,https://github.com/syncthing/syncthing/releases/tag/v2.1.2
syncthing/syncthing,v2.1.3,v2.1.2,2026-08-05T13:06:38Z,ok,34,34,0,919.11,https://github.com/syncthing/syncthing/releases/tag/v2.1.3
syncthing/syncthing,v2.1.5,v2.1.3,2026-09-08T07:35:00Z,ok,20,20,0,2516.29,https://github.com/syncthing/syncthing/releases/tag/v2.1.5
tailwindlabs/tailwindcss,v4.1.15,v4.1.14,2025-10-20T13:17:31Z,ok,37,37,0,404.71,https://github.com/tailwindlabs/tailwindcss/releases/tag/v4.1.15
tailwindlabs/tailwindcss,v4.1.16,v4.1.15,2025-10-23T10:55:20Z,ok,11,11,0,69.94,https://github.com/tailwindlabs/tailwindcss/releases/tag/v4.1.16
tailwindlabs/tailwindcss,v4.1.17,v4.1.16,2025-11-06T15:34:59Z,ok,13,13,0,340.66,https://github.com/tailwindlabs/tailwindcss/releases/tag/v4.1.17
tailwindlabs/tailwindcss,v3.4.19,v4.1.17,2025-12-10T18:39:41Z,ok,99,99,0,15436.06,https://github.com/tailwindlabs/tailwindcss/releases/tag/v3.4.19
tailwindlabs/tailwindcss,v4.1.18,v3.4.19,2025-12-11T16:31:46Z,ok,1319,1319,0,15508.04,https://github.com/tailwindlabs/tailwindcss/releases/tag/v4.1.18
tailwindlabs/tailwindcss,v4.2.0,v4.1.18,2026-02-18T14:58:28Z,ok,87,87,0,1654.46,https://github.com/tailwindlabs/tailwindcss/releases/tag/v4.2.0
tailwindlabs/tailwindcss,v4.2.1,v4.2.0,2026-02-23T12:51:32Z,ok,6,6,0,95.77,https://github.com/tailwindlabs/tailwindcss/releases/tag/v4.2.1
tailwindlabs/tailwindcss,v4.2.2,v4.2.1,2026-03-18T16:06:04Z,ok,20,20,0,555.32,https://github.com/tailwindlabs/tailwindcss/releases/tag/v4.2.2
tailwindlabs/tailwindcss,v4.2.3,v4.2.2,2026-04-20T20:46:46Z,ok,24,24,0,769.89,https://github.com/tailwindlabs/tailwindcss/releases/tag/v4.2.3
tailwindlabs/tailwindcss,v4.2.4,v4.2.3,2026-04-21T13:09:56Z,ok,2,2,0,0.97,https://github.com/tailwindlabs/tailwindcss/releases/tag/v4.2.4
tailwindlabs/tailwindcss,v4.3.0,v4.2.4,2026-05-08T20:17:25Z,ok,33,33,0,388.87,https://github.com/tailwindlabs/tailwindcss/releases/tag/v4.3.0
tailwindlabs/tailwindcss,v4.3.1,v4.3.0,2026-06-12T17:50:58Z,ok,49,49,0,837.54,https://github.com/tailwindlabs/tailwindcss/releases/tag/v4.3.1
tailwindlabs/tailwindcss,v4.3.2,v4.3.1,2026-06-29T14:21:45Z,ok,21,21,0,337.14,https://github.com/tailwindlabs/tailwindcss/releases/tag/v4.3.2
tailwindlabs/tailwindcss,v4.3.3,v4.3.2,2026-07-16T11:55:08Z,ok,18,18,0,352.5,https://github.com/tailwindlabs/tailwindcss/releases/tag/v4.3.3
tt-a1i/archify,v2.0.0,,2026-04-15T05:42:49Z,sem_anterior,,0,0,,https://github.com/tt-a1i/archify/releases/tag/v2.0.0
tt-a1i/archify,v2.1.0,v2.0.0,2026-04-15T05:50:56Z,ok,1,1,0,0.01,https://github.com/tt-a1i/archify/releases/tag/v2.1.0
tt-a1i/archify,v2.2.0,v2.1.0,2026-04-15T05:56:21Z,ok,1,1,0,0.01,https://github.com/tt-a1i/archify/releases/tag/v2.2.0
tt-a1i/archify,v2.2.1,v2.2.0,2026-04-15T06:00:38Z,ok,1,1,0,0.01,https://github.com/tt-a1i/archify/releases/tag/v2.2.1
tt-a1i/archify,v2.3.0,v2.2.1,2026-04-15T06:06:47Z,ok,1,1,0,0.01,https://github.com/tt-a1i/archify/releases/tag/v2.3.0
tt-a1i/archify,v2.3.1,v2.3.0,2026-04-15T06:19:12Z,ok,1,1,0,0.01,https://github.com/tt-a1i/archify/releases/tag/v2.3.1
tt-a1i/archify,v2.6.0,v2.3.1,2026-06-12T13:07:02Z,ok,32,32,0,1398.4,https://github.com/tt-a1i/archify/releases/tag/v2.6.0
tt-a1i/archify,v2.7.0,v2.6.0,2026-07-02T16:26:29Z,ok,4,4,0,444.65,https://github.com/tt-a1i/archify/releases/tag/v2.7.0
tt-a1i/archify,v2.8.0,v2.7.0,2026-07-03T13:33:05Z,ok,2,2,0,20.81,https://github.com/tt-a1i/archify/releases/tag/v2.8.0
tt-a1i/archify,v2.9.0,v2.8.0,2026-07-04T16:25:45Z,ok,3,3,0,26.39,https://github.com/tt-a1i/archify/releases/tag/v2.9.0
tt-a1i/archify,v2.10.0,v2.9.0,2026-07-05T02:49:46Z,ok,4,4,0,10.28,https://github.com/tt-a1i/archify/releases/tag/v2.10.0
tt-a1i/archify,v2.11.0,v2.10.0,2026-07-16T07:57:21Z,ok,10,10,0,232.1,https://github.com/tt-a1i/archify/releases/tag/v2.11.0
tt-a1i/archify,v2.12.0,v2.11.0,2026-07-22T16:47:29Z,ok,20,20,0,36.42,https://github.com/tt-a1i/archify/releases/tag/v2.12.0
tt-a1i/archify,v2.13.0,v2.12.0,2026-08-03T02:33:34Z,ok,45,45,0,273.73,https://github.com/tt-a1i/archify/releases/tag/v2.13.0
tt-a1i/archify,v2.14.0,v2.13.0,2026-08-11T15:40:09Z,ok,13,13,0,174.73,https://github.com/tt-a1i/archify/releases/tag/v2.14.0
tt-a1i/archify,v2.15.0,v2.14.0,2026-08-17T15:50:19Z,ok,8,8,0,102.63,https://github.com/tt-a1i/archify/releases/tag/v2.15.0
tt-a1i/archify,v2.16.0,v2.15.0,2026-08-30T11:17:04Z,ok,54,54,0,267.81,https://github.com/tt-a1i/archify/releases/tag/v2.16.0
tt-a1i/archify,v3.0.0,v2.16.0,2026-09-28T11:32:33Z,ok,623,623,0,790.19,https://github.com/tt-a1i/archify/releases/tag/v3.0.0
tt-a1i/archify,v3.0.1,v3.0.0,2026-09-28T15:33:07Z,ok,13,13,0,3.98,https://github.com/tt-a1i/archify/releases/tag/v3.0.1
ventoy/Ventoy,v1.1.08,v1.1.07,2025-12-08T10:13:51Z,ok,2,2,0,21.55,https://github.com/ventoy/Ventoy/releases/tag/v1.1.08
ventoy/Ventoy,v1.1.09,v1.1.08,2025-12-12T13:06:36Z,ok,9,9,0,97.27,https://github.com/ventoy/Ventoy/releases/tag/v1.1.09
ventoy/Ventoy,v1.1.10,v1.1.09,2025-12-21T13:13:01Z,ok,21,21,0,213.89,https://github.com/ventoy/Ventoy/releases/tag/v1.1.10
ventoy/Ventoy,v1.1.11,v1.1.10,2026-04-05T15:50:16Z,ok,8,8,0,2095.39,https://github.com/ventoy/Ventoy/releases/tag/v1.1.11
ventoy/Ventoy,v1.1.12,v1.1.11,2026-04-23T10:27:20Z,ok,6,6,0,223.41,https://github.com/ventoy/Ventoy/releases/tag/v1.1.12
ventoy/Ventoy,v1.1.13,v1.1.12,2026-06-24T11:10:28Z,ok,15,15,0,1467.51,https://github.com/ventoy/Ventoy/releases/tag/v1.1.13
ventoy/Ventoy,v1.1.14,v1.1.13,2026-06-24T13:28:12Z,ok,2,2,0,0.59,https://github.com/ventoy/Ventoy/releases/tag/v1.1.14
ventoy/Ventoy,v1.1.15,v1.1.14,2026-06-25T01:20:57Z,ok,2,2,0,0.48,https://github.com/ventoy/Ventoy/releases/tag/v1.1.15
ventoy/Ventoy,v1.1.16,v1.1.15,2026-06-25T12:37:57Z,ok,9,9,0,1.35,https://github.com/ventoy/Ventoy/releases/tag/v1.1.16
ventoy/Ventoy,v1.1.17,v1.1.16,2026-07-24T13:20:17Z,ok,18,18,0,694.73,https://github.com/ventoy/Ventoy/releases/tag/v1.1.17
yt-dlp/yt-dlp,2025.10.14,2025.09.26,2025-10-14T23:38:23Z,ok,18,18,0,380.22,https://github.com/yt-dlp/yt-dlp/releases/tag/2025.10.14
yt-dlp/yt-dlp,2025.10.22,2025.10.14,2025-10-22T19:51:38Z,ok,9,9,0,177.44,https://github.com/yt-dlp/yt-dlp/releases/tag/2025.10.22
yt-dlp/yt-dlp,2025.11.12,2025.10.22,2025-11-12T01:00:04Z,ok,50,50,0,436.1,https://github.com/yt-dlp/yt-dlp/releases/tag/2025.11.12
yt-dlp/yt-dlp,2025.12.08,2025.11.12,2025-12-08T00:15:34Z,ok,46,46,0,558.55,https://github.com/yt-dlp/yt-dlp/releases/tag/2025.12.08
yt-dlp/yt-dlp,2026.01.29,2025.12.08,2026-01-29T17:17:40Z,ok,89,89,0,1222.21,https://github.com/yt-dlp/yt-dlp/releases/tag/2026.01.29
yt-dlp/yt-dlp,2026.01.31,2026.01.29,2026-02-01T00:12:02Z,ok,8,8,0,48.14,https://github.com/yt-dlp/yt-dlp/releases/tag/2026.01.31
yt-dlp/yt-dlp,2026.02.04,2026.01.31,2026-02-04T00:49:03Z,ok,3,3,0,1.38,https://github.com/yt-dlp/yt-dlp/releases/tag/2026.02.04
yt-dlp/yt-dlp,2026.02.21,2026.02.04,2026-02-21T20:40:28Z,ok,40,40,0,413.12,https://github.com/yt-dlp/yt-dlp/releases/tag/2026.02.21
yt-dlp/yt-dlp,2026.03.03,2026.02.21,2026-03-03T16:54:38Z,ok,7,7,0,211.02,https://github.com/yt-dlp/yt-dlp/releases/tag/2026.03.03
yt-dlp/yt-dlp,2026.03.13,2026.03.03,2026-03-13T09:02:00Z,ok,9,9,0,58.9,https://github.com/yt-dlp/yt-dlp/releases/tag/2026.03.13
yt-dlp/yt-dlp,2026.03.17,2026.03.13,2026-03-17T23:42:33Z,ok,8,8,0,102.12,https://github.com/yt-dlp/yt-dlp/releases/tag/2026.03.17
yt-dlp/yt-dlp,2026.06.09,2026.03.17,2026-06-09T23:26:57Z,ok,65,65,0,1923.58,https://github.com/yt-dlp/yt-dlp/releases/tag/2026.06.09
yt-dlp/yt-dlp,2026.07.04,2026.06.09,2026-07-04T22:41:44Z,ok,72,72,0,576.12,https://github.com/yt-dlp/yt-dlp/releases/tag/2026.07.04
yt-dlp/yt-dlp,2026.08.19,2026.07.04,2026-08-19T23:48:43Z,ok,46,46,0,1058.07,https://github.com/yt-dlp/yt-dlp/releases/tag/2026.08.19
